,TweetID,TweetContent,TweeterUsername,TweetDatetime
0,1597073548497285121,When I pull up to her crib with pills rattling in the cup holder of my rusty 98 civic https://t.co/2mp2FL7a02,KiIIUrSelfDawg,2022-11-28 03:43:00+00:00
1,1597073470990745600,*kerplloppp** can someone pick up my vape pls,inthew0rldd,2022-11-28 03:42:42+00:00
2,1597073275808800769,if you were looking for a sign to quit vaping - this is it,cpoehler_13,2022-11-28 03:41:55+00:00
3,1597073244384686080,my first thought when watching wednesday was that thereâ€™s absolutely no way tim burton directed it and thereâ€™s a black character ğŸ˜­,jonathanssimp,2022-11-28 03:41:48+00:00
4,1597073111047815168,"Yikes!

#CrystalAnn's snapping &amp; SCREAMING &amp; pacing &amp; vaping...

Stopped watching her a couple months ago.
Now, remembering why.

She's traumatizing, to be honest. 
Anyhoo...

#aaroncarter https://t.co/1PJh1ZQp8v https://t.co/gGceip4Q2q",amys_bus_ticket,2022-11-28 03:41:16+00:00
5,1597073085584195590,rhianna and i harmonized bop sounds to a live band and then were politely asked to stop vaping weed at our beer table after she smacked her head into a beer glass from laughing too hard how was Your Day ?????,hijanneke,2022-11-28 03:41:10+00:00
6,1597072835398471685,The homie lil glo be working out with a vape next to him lol,AarontheReefer,2022-11-28 03:40:10+00:00
7,1597072831086747653,"I tried refilling my LostMary vape. I broke it somehow.
After a bit of jiggery-pokery, i realised plowing at the sensor worked. So I guessed it wasnt aligned. After 20 minites, my fat fingers finally aligned the sensor correctly. I tried it, and now it works again. ğŸ˜‚",hbidamian,2022-11-28 03:40:09+00:00
8,1597072662584758272,"According to Packers fans, you are automatically rooting for the Eagles if you dare make fun of Collinsworth, because Darth Vaper says so! https://t.co/QIwa6U0JsU",kylaer_,2022-11-28 03:39:29+00:00
9,1597072655492214784,"Got new vape juice. Its flavor is a mix of blueberry, pomegranate, and a slight vanilla finish. It tastes wonderful. And looks great too! By @BADDRIPLABS
I am not disappointed at all. Great stuff! https://t.co/2CcsM5R32D",MKO_FataLKaDe,2022-11-28 03:39:27+00:00
10,1597072410964283393,screaming at my vape bc itâ€™s been 2 hours and itâ€™s not done charging yet,stargirlstarved,2022-11-28 03:38:29+00:00
11,1597071851917692929,im abt to hit 30 days no nic but i hate this shit so bad its not worth it iâ€™ll rob a single mother of 6 for a ice berry vape or something im@done,yrsweetestgirl,2022-11-28 03:36:16+00:00
12,1597071747001425920,need to sleep but need to order my bud n edibles n bfs vape juice so i can get it by tuesday :(,nochediet,2022-11-28 03:35:51+00:00
13,1597071597642211328,"This is literally all the ğŸƒ I have left ğŸ˜© 

But after conserving all day, I, at 1030pm, remembered that I still have a vape from @NoNotAnnette ğŸ¤©

Now just to remember where I put it ğŸ˜‚ itâ€™s def not under the couch,I finally cleaned under there today ğŸ˜‚ https://t.co/OHbBWtWb9R",tuckkel,2022-11-28 03:35:15+00:00
14,1597071527005999104,all these vapes downloading weverse for the first time... we really are old as fuck,nazsneak,2022-11-28 03:34:58+00:00
15,1597071447574589445,Thank youâ¤,renz_austria12,2022-11-28 03:34:39+00:00
16,1597071360739532800,"â€œyouâ€™re the only girl for meâ€

stfu the girls you hang out with are 100x prettier than me",jvlixtte,2022-11-28 03:34:19+00:00
17,1597071360555372544,"""ohh but deimos they couldnt have frank on hot ones he's veg""

they were gonna give waka flocka tofu wings before he ate too many edibles and had to cancel",demoloving,2022-11-28 03:34:19+00:00
18,1597071269136330752,i took a hit from a vape for the first time and tell me why my entire soul left my body as soon as that shit hit my lungs,fadedpunks,2022-11-28 03:33:57+00:00
19,1597071170729234432,Just drove all the way east to get my vape donâ€™t play with me ğŸ¤£,meangirl_monae,2022-11-28 03:33:33+00:00
20,1597071126299283456,It's been a day. Might or might not have hit the vape a little too hard &amp; raided the Xmas decor. Tis the season for hoe shit or however the saying goes ğŸ¦ŒğŸ… https://t.co/W4ulmGQAUN,MadamCorvinus,2022-11-28 03:33:23+00:00
21,1597070962494963718,"finishing up crown tundra before i start SV and damn i forgot how much i love SWSH, this game rules",_kazookle,2022-11-28 03:32:44+00:00
22,1597070729878511617,"Disposable e-cigarette with customizable logo, fruit-flavored atomizer with low nicotine https://t.co/3LGv0G0ngi",Hassan11759364,2022-11-28 03:31:48+00:00
23,1597070709049544704,"#CrystalAnn -- she cannot let anyone else speak.
The talking over people is crazy -- she doesn't do it until someone begins a sentence, then immediately shouts over them   #aaroncarter 

CrystalAnn's IG Lives -- bring the cigs &amp; vapes. https://t.co/nMgRVxQ12O",amys_bus_ticket,2022-11-28 03:31:43+00:00
24,1597070602308755456,having this as my pfp makes me feel like a middle aged white trucker dad who posts on facebook about how god is good after beating his wife and children,catwithlean,2022-11-28 03:31:18+00:00
25,1597070442249920512,gna try to stop buying my own vapes in an effort to quit. however i am NOT above hitting someone elsesâ€¦.,anissavancee,2022-11-28 03:30:40+00:00
26,1597070279406407681,"vaping and a fever don't mix, I feel like I'm rotting",AliceIsntThere,2022-11-28 03:30:01+00:00
27,1597070162465001472,"What the fuck is wrong with me. I got a vape 2 days ago and l of the sudden i feel like my throat is super dry and sollen and painful, im afraid to fall asleep ğŸ˜­",lilyis_st4rv1ng,2022-11-28 03:29:33+00:00
28,1597070133801152518,I just wrote a review on THCH Disposable Vape 2 Gram - Delta Extrax https://t.co/taBUve0ZLB via @yotpo,CiochonPawel,2022-11-28 03:29:26+00:00
29,1597070090746241024,Vape junkies scare me,Chubbycox18,2022-11-28 03:29:16+00:00
30,1597069962496991234,"It'll be a Wednesday
And I'll be going in this coffee shop
Hear the barista call an oat milk latte and your name
And I look up from my phone
And think there's no chance it's you, but it isâ€¦ https://t.co/rdlOqVIkxW",snsd_enjoyer,2022-11-28 03:28:45+00:00
31,1597069915294699521,derrida knew iâ€™d be reading this shit with my peach pineapple@mango vape in hand,Iifecouldbe,2022-11-28 03:28:34+00:00
32,1597069909342633984,does anyone know what guitar tuning gracie uses?,onlyrockland,2022-11-28 03:28:33+00:00
33,1597069900723490816,Vaping: An Unnecessarily Dangerous Lifestyle Choice | Nature's Real Health https://t.co/bBvObZdvMN,nicktompan,2022-11-28 03:28:31+00:00
34,1597069842213134338,who wants to juul hot box with me and aegeas you have 9 minutes to respond,basketcasefile,2022-11-28 03:28:17+00:00
35,1597069808260243459,"Cris Collinsworth is one of the best announcers in the NFL and yet all these basement tweeting haters get so damn salty every Sunday night. 

At the end of the day, he rich AF, you aren't. You wish you had his job and money.

Sit down.",TrumpsRump5,2022-11-28 03:28:09+00:00
36,1597069788919889922,"Yâ€™all my witnessesâ€¦

November 27th, 2022. I quit vaping, weed and start healthier addictions",gucci_goowap,2022-11-28 03:28:04+00:00
37,1597069787053453312,Crack vape by 2030 https://t.co/Pocd1gAIU4,Hurrsun,2022-11-28 03:28:04+00:00
38,1597069784767922176,searching the whole apartment for my vape i was holding 5 seconds ago https://t.co/A0u94ygNNQ,levidge,2022-11-28 03:28:03+00:00
39,1597069453404950528,kinda wish i had gotten a weed pen instead of this vape iâ€™m so sad,B4BYV0X,2022-11-28 03:26:44+00:00
40,1597069219505442816,Using your vape as a flashlight&gt;&gt;&gt;&gt;,CRITTERR___,2022-11-28 03:25:48+00:00
41,1597069132176175104,I hit the vape and a quick nae nae https://t.co/nP1VBG294e,brynmshgd,2022-11-28 03:25:27+00:00
42,1597069033236746240,"I think switching back to cigarettes could be helpful in quitting vaping. 

Hear me out: vaping is accessible 24/7, inside, outside, whenever you want. If I switch to cigarettes which I must go outside to smoke, I am indisputably lowering and controlling my nicotine intake.",gageantonio,2022-11-28 03:25:04+00:00
43,1597068968220823553,Iâ€™m going to smoke this vape and mind my businessâ€¦,UncleStanBoogie,2022-11-28 03:24:48+00:00
44,1597068864797683715,"#ImACelebrity Logan Green have the right to defy state laws, helping abort unborn children? 
Some live to regret it, wouldnâ€™t have been able without help from Logan Green?
What will Logan do for them?
Helping abort a baby which a mother lives to regrets makes @logangreen? @eBay https://t.co/Ez0s1QJC7g",VapesJuice,2022-11-28 03:24:24+00:00
45,1597068779212931072,okay my vape broke and it seems like it was the last vape iâ€™ll ever buy so letâ€™s hope my nicotine withdrawal is successful,airfirempress,2022-11-28 03:24:03+00:00
46,1597068539420344325,yâ€™all think Stolas has a vape,IDOHELLACOKE,2022-11-28 03:23:06+00:00
47,1597068374017998849,"#Mellowfog T R O P I C A L
S U N R I S E !

All your favorite fruits in one!ğŸ§¡

#mellowfogÂ #eliquidÂ #vapeÂ #ejuiceÂ #vapelifeÂ #vapecommunityÂ #vapingÂ #vapenationÂ #vapefamÂ #vapepornÂ #vapeonÂ #instavapeÂ #vapedailyÂ #vapestagramÂ #vapersÂ #vapelyfeÂ #vapeshopÂ #vaperÂ #vapeloveÂ #vapetricks https://t.co/nIuPhTXHTt",CatherineC0608,2022-11-28 03:22:27+00:00
48,1597068320263798785,"American citizen Brittney Griner was sentenced to 9 years in a Russian work camp for having 2 vape cartridges in her bag.  

Trump sided with Russia because of course he did.      
https://t.co/Hx2sD2NImI",asclepiasyriaca,2022-11-28 03:22:14+00:00
49,1597068304102789120,"Not me having a sad dream and waking up at 3am crying. Now Iâ€™m sat in bed after a big cry, vaping. My lifeâ€™s a mess",kay_sheri,2022-11-28 03:22:10+00:00
50,1597068078902575105,"She nearly drops her vape at the sudden kiss. There was no expectation that he was going to cave so quickly.

She doesnâ€™t fight his grip or his direction. Trying to stay on her toes as she walks backwards, sheâ€™s sure heâ€™s already used his powered vision to figure out the path-&gt; https://t.co/WVRUzHWhOl",Complain2Vought,2022-11-28 03:21:16+00:00
51,1597068074904977410,"My dumbass got a vape, and broke my nailâ€¦. https://t.co/v1qitTgAVr",061502_,2022-11-28 03:21:15+00:00
52,1597067986765873155,"#edibles #cbdoil 
#cannabiscommunity Unflavored Diamond #CBD Oil 1000mg can be used as CBD oral drops (CBD tincture). In vape liquid, topically or added to foods. Diamond CBD Unflavored CBD Oils are infused with CBD oil from organic hemp. https://t.co/BjV7P6DCuy #cannabis https://t.co/c8WQ3hcaTy",CBDSmokeShop,2022-11-28 03:20:54+00:00
53,1597067950162608130,My brother said the people who smoke the pebble vapes look like theyâ€™re smoking their air pods. ğŸ˜­ğŸ˜­ğŸ˜­ğŸ˜­,LaPistolaDulce,2022-11-28 03:20:46+00:00
54,1597067860865863681,My guava vape pen really fucking hitting rn https://t.co/Nk9hOmOEB0,tainamariev,2022-11-28 03:20:24+00:00
55,1597067834869194754,"All girls know how to do
Tik tok
Vape
Listen to Pure Heroine

and LIE.",farheenk__,2022-11-28 03:20:18+00:00
56,1597067819258372097,quit vaping just to become extremely addicted to watching the harry potter movies :(,rubioskidsmenu,2022-11-28 03:20:14+00:00
57,1597067660121866240,my plug for vapes finally  replied but i only got 10 dollars OMG,loonakgs777,2022-11-28 03:19:36+00:00
58,1597067637904707585,if god loves me then why did i lose my vape,caththesoso,2022-11-28 03:19:31+00:00
59,1597067468962349056,"i have a mango juul pod for sale, starting bid is a thousand dollars",tygembler,2022-11-28 03:18:51+00:00
60,1597067458724081664,"My vape pen killed my van battery..
I didnâ€™t even know that could happen",heavensvalleyy,2022-11-28 03:18:48+00:00
61,1597067423941005312,at my lowest (nasira vape),stfucais,2022-11-28 03:18:40+00:00
62,1597067401719578624,"Fruit-Flavored Vaporizer, Disposable Vape with 2% Nicotine https://t.co/x2ldnaXN2C",Hassan11759364,2022-11-28 03:18:35+00:00
63,1597067377283588096,why do you play an MMO if you didn't want to trade vape secrets,hommibot,2022-11-28 03:18:29+00:00
64,1597067271733940225,literally funnier than anything a comedian could come up with https://t.co/3CLETI06RE,snsd_enjoyer,2022-11-28 03:18:04+00:00
65,1597067238363668481,"SHOUT OUT TO THE FUCKING GOAT
A********! My Uber eats driver who single handedly smuggled a vape into the Hospital for me b/c the Great Value security guard confiscated mine",bluuminati,2022-11-28 03:17:56+00:00
66,1597067102963187713,y'all be talking about people who vape and smoke cigs but then use a tobacco leaf to smoke a blunt ğŸ˜‚?,aiaarianna,2022-11-28 03:17:24+00:00
67,1597066869974134784,my nicotine free vapes will be here Wednesday &amp; Iâ€™m hoping this makes me stop. Pls pray ğŸ¥¹,alexiskaylee02,2022-11-28 03:16:28+00:00
68,1597066829952057347,wow i have boba eyes,0320wrId,2022-11-28 03:16:18+00:00
69,1597066781629485059,Can all you vapers stop vaping ğŸ¥²ğŸ¤,Edward_K_So,2022-11-28 03:16:07+00:00
70,1597066752017321984,What if titties were vape,JLeach26,2022-11-28 03:16:00+00:00
71,1597066634241658880,"Good morning, friend! â˜€ï¸â¤ï¸
Vape Factory direct sales, mass production, looking for vape wholesalers/vape distributors/big dealers 
Any interested, plz contact us at any time. Thank youğŸ¤Wholesale Contactâ¤µï¸
WhatsApp: +8613377646339
Email: vadas-06qian@huachenkang.com
#vape #ecig https://t.co/ieTIDa33LV",DaisyQian10,2022-11-28 03:15:32+00:00
72,1597066443669274624,about fucking time https://t.co/tPoh1JMAm1,0320wrId,2022-11-28 03:14:46+00:00
73,1597066397955239936,"My Twitter Interaction Circle

Generate yours at https://t.co/BhQVQOyEhJ

â € https://t.co/eWKxqw7iE8",antiherolive_,2022-11-28 03:14:35+00:00
74,1597066386463150080,this is so mandudes https://t.co/EqmlNL792K,0320wrId,2022-11-28 03:14:33+00:00
75,1597066335170662401,Reading owners manuals is fun because you find out the little piece of plastic you have to take off to refill your vape is called a drip tip and decide to get your nicotine from eating tobacco leaves from now on,Ramesie,2022-11-28 03:14:21+00:00
76,1597066327562145792,"Cigarettes are actually good for you.
They make you look cool and deepen your voice.
All the slander is coming from the evil vaping corporations.

OPEN YOUR EYES.
BUY MARLBORO. https://t.co/S2THAytaiZ",HazoDDD,2022-11-28 03:14:19+00:00
77,1597066140361949187,"Gonna hide the vape and accidentally ""forget"" where it is ğŸ˜‚ https://t.co/CXasVHm733",_Lisascheiwel,2022-11-28 03:13:34+00:00
78,1597065983968960517,Me &amp; that vape go together REAL BAD ğŸ˜‚ https://t.co/TUm5Q0fEM5,SlayCheese303,2022-11-28 03:12:57+00:00
79,1597065921486815233,"Preroll tube for vape
#vape #Blunt #preroll #cigarette https://t.co/XtJFjJagg0",Adaoufeiya,2022-11-28 03:12:42+00:00
80,1597065542170726401,"You deserve the Maybach of Vape pen &amp; concentrates.  https://t.co/ia8tWqcQpZ Code-PadrePuff10. 
ğŸ¤ ğŸ™ğŸ¾âœŒğŸ¾ğŸ’šğŸ’¨
#Stonerfam
#Mmemberville
#Mestizo
#ThePadrePuff
#NdÃ©_Aztec_Apache
#MyToqi_Code_PadrePuff10
#UrbsFinest_Code_PadrePuff
https://t.co/NPxCsypqZI",ThePadrePuff,2022-11-28 03:11:11+00:00
81,1597065524617576450,So bad news my vape no longer chargesğŸ¥¹ğŸ”« Good news my saint of a brother had a spare vape ğŸ«¶ğŸ«¶ğŸ«¶ğŸ«¶ğŸ«¶ğŸ«¶,LaPutaDeJimin,2022-11-28 03:11:07+00:00
82,1597065361538486272,I had someone to hold my vapes hostage like this someday,joeyculobot,2022-11-28 03:10:28+00:00
83,1597065315367600128,Hey Siri whereâ€™s my vape hiding?,pIzdeckme,2022-11-28 03:10:17+00:00
84,1597065239954325504,One of my friends tried fucking FLUSHING THEIR VAPE DOWN THE SCHOOL TOILET,pixiekillz,2022-11-28 03:09:59+00:00
85,1597065139546529793,vape boutta start blinking i can feel it,gecspace,2022-11-28 03:09:35+00:00
86,1597065059640913920,Not Bobby asking Rerun â€œI thought u was gone beat up Island Boi for me just for him to respond â€œi got youâ€ and then donâ€™t do a single thing but hit the vape ğŸ¤£ #bobbyiloveyoupurrr,annebmissreal,2022-11-28 03:09:16+00:00
87,1597064966351511552,"finished another one, almost done with my reading goal for the year ğŸ˜¤ https://t.co/t6V209MOlH",_kazookle,2022-11-28 03:08:54+00:00
88,1597064908390076416,Iâ€™m trynna stop smoking these vapesğŸ˜µâ€ğŸ’«ğŸ˜­ğŸ˜­,shantX0_,2022-11-28 03:08:40+00:00
89,1597064879130955777,this is like eden project era x icymi https://t.co/Jl6ji2GV8Q,jb_mmiii,2022-11-28 03:08:33+00:00
90,1597064647479361537,5 star review from Benjamin Gonzalez: Excellent service!! https://t.co/op7koqyCoa #vape #vapelife #vapecommunity #vapestore #vapepenswholesale #vapeshop,VP_Wholesale,2022-11-28 03:07:38+00:00
91,1597064628546072577,"Hey @truthinitiative 

Every time I see one of your ads in a mobile game I vape 3 times more, to offset your mental deficiency. 

#NCKC",CrazyLloyd138,2022-11-28 03:07:34+00:00
92,1597064463210799104,STOP IM READING A FANFIC AND THE AUTHOR FUCKING WROTE IT â€œyou took a hit from your vape and laid downâ€ THE VAPE???? WHY HAVE I NEVWR SEEN THIS,scrunkletown,2022-11-28 03:06:54+00:00
93,1597064086382333952,"Letâ€™s go for a walk in the garden

#furry #furryfandom #fursuit #fursuiter #furries #fursuits https://t.co/OrjnIoBaW7",Juulthemuley,2022-11-28 03:05:24+00:00
94,1597064081474981888,"guy at the vape store: how many ohms?
me: i have no idea what that means",chooseagoose,2022-11-28 03:05:23+00:00
95,1597063959408177152,iâ€™m nothing more than a vape head,sryimpat,2022-11-28 03:04:54+00:00
96,1597063773629521920,omg NEEEEEDDDD https://t.co/SjQJzJPq9v,swaggyg1rl21,2022-11-28 03:04:10+00:00
97,1597063665169358849,"Introducing yet another fantastic disposable vape from Sunoco Hopkins Ville.
Now enjoy 5000 puffs on an average with every vape.
Place your order at https://t.co/YFYPW8wftS
.
#mrfogmax #vapedisposable #kangvape #raremegadisposable #STIKplusdisposablepodvape #hittacedisposablevape https://t.co/NluzkorWnH",sunocohopkins,2022-11-28 03:03:44+00:00
98,1597063640955654144,look at this cool vape trick,mitamabot,2022-11-28 03:03:38+00:00
99,1597063630247583744,preheat my oven?? bro i cant even preheat my VAPE half the time,TheGreggiest,2022-11-28 03:03:36+00:00
100,1597063608256516096,Quien para ir a ver a The weeknd ğŸ§ğŸ»â€â™€ï¸,C57065,2022-11-28 03:03:30+00:00
101,1597063589051105280,"LOG DAY 6 #nft, #web3, #comic. https://t.co/LAQZUC0Cyt",vape_partizan,2022-11-28 03:03:26+00:00
102,1597063324440866816,having friends that are just as spontaneous as me ğŸ¤ https://t.co/zT2e5QCcep,gnfvol6,2022-11-28 03:02:23+00:00
103,1597063310616117248,"Ice creams, cigarettes &amp; vapes stolen in Christchurch crime spree 

https://t.co/cYaZRU3g2b",VapingAlliance,2022-11-28 03:02:19+00:00
104,1597063134434717697,"i may start vaping again just to spite him 
i hate this man more than i like myself",siofraz,2022-11-28 03:01:37+00:00
105,1597063125085216768,"Enjoy the Rare Mega Disposable Vape from Marathonyall, now available in 12 incredible flavors.
Grab yours at: https://t.co/lcZMaGF2FQ
.
#buydisposablevapes #vapedisposables #bestvapeshop #airispuffdisposable #vapeseller #mrfogmax #airisbeastdisposablevape #STIKplusdisposablpod https://t.co/KWmw9Bv7gC",marathonyall,2022-11-28 03:01:35+00:00
106,1597063072451276802,"Unprecedented in NZ as Dairy protest extends to PM, deputy PM's electorate offices 

https://t.co/NDhHqBKQPS",VapingAlliance,2022-11-28 03:01:23+00:00
107,1597062875855704067,"11 Battery Safety Tips to Keep You Protected.
By Spyros Papamichail 

https://t.co/pQfZ3TjeM8",Vaping360,2022-11-28 03:00:36+00:00
108,1597062862044008448,do vapes have cals????,stalebones_,2022-11-28 03:00:32+00:00
109,1597062850891067394,"Iâ€™m so grateful that I had the strength to quit smoking ğŸš¬ and vapingâ€¦. Because lordt!â€¦.

ğŸ˜ªğŸ˜®â€ğŸ’¨",MyraTheGodd3ss,2022-11-28 03:00:30+00:00
110,1597062828241715200,I ate a carrot yesterday and my first thought was literally â€œhmmm this does not taste as good as my vapeâ€,funlittleworm,2022-11-28 03:00:24+00:00
111,1597062785124515840,Brussels to propose rise in cigarette taxes and first EU-wide vaping levy https://t.co/362iYnlkmy #news #fox #foxnews #goodnews #breaking #bbc #cnn #tech #bitcoin #media #newssource #story #slots #onlinecasino #poker #blackjack,ApparelCama,2022-11-28 03:00:14+00:00
112,1597062772793085953,past me left an unopened untouched juul pod in my laptop case in my storage unit for six months and I could KISS HER,ANTlGONE,2022-11-28 03:00:11+00:00
113,1597062414646009857,i swallowed my tongue bar Friday night and now I'm just ruminating on it tearing apart my insides even tho i can't feel any pain and i know it's not hurting me but it still hasn't come out so what if it never does I'm terrified help,BurntVapeTaste,2022-11-28 02:58:46+00:00
114,1597062181056659459,5 star review from Shoaib Azhar: Great vapes https://t.co/AwvYuVuzBA,rainbowvapes,2022-11-28 02:57:50+00:00
115,1597061910490669056,It be even funnier when they start going crazy for that vape https://t.co/rSyQcPIPnV,Andres__TK,2022-11-28 02:56:46+00:00
116,1597061868639596544,Best vape juice in America @Freemanvapes and #vapeshop #vapelife #vapelove #vapecommunity #vaping #instavape #vapefam #vapor #vapenation #ejuice #vapers #eliquid #vapedaily #vapeeveryday #vapeforlife #vapeforever,Vickiet00788466,2022-11-28 02:56:36+00:00
117,1597061859219496960,stopped vaping almost been a week who is she,mathildelebr1,2022-11-28 02:56:33+00:00
118,1597061818941571073,"New comer from FOF VAPE,
FOF Punkor 5000 puffs disposable device,
Silicone Mouthpiece(Food grade)
Lanyard included (color corresponds to the flavor)
https://t.co/kdcOMUKXI7
WARNING: This product contains nicotine. Nicotine is an addictive chemical.
#fofpunkor #punkor https://t.co/qYSuCKwPNA",fofvapor,2022-11-28 02:56:24+00:00
119,1597061649474600960,how do you let your roommate know they are insufferable without being mean about it because sometimes i just wanna give them shaken baby syndrome,BurntVapeTaste,2022-11-28 02:55:43+00:00
120,1597061612917035008,Lungs and breathing stilted. Trying to gaslight myself into thinking this has nothing to do with my vaping over the last few weeks.,TageErlinger,2022-11-28 02:55:35+00:00
121,1597061515911184384,I started hitting my vape on the shuttle so the girl next to me did tooâ€¦ she knows she safe wit me,deleyum,2022-11-28 02:55:12+00:00
122,1597061397640536064,imagine a phone that was also a vape,multEismassive,2022-11-28 02:54:43+00:00
123,1597061221001617408,"manifesting, vape ang i giveğŸ¤ğŸ¼ğŸ¤ğŸ¼ğŸ¤ğŸ¼",mimigwapo,2022-11-28 02:54:01+00:00
124,1597061120405430272,Dont hit your vape while its on the charger!! My shit is fried and now i have to try and quit cuz i dont wanna buy a new one,barBriia,2022-11-28 02:53:37+00:00
125,1597061082291765249,"Day 5 of no vaping: 5 days is all it took for me. Clarity. Motivation. Health. If I can check this off as a goal, I can check off a few more going into the new year.",mtruong96,2022-11-28 02:53:28+00:00
126,1597060969855062017,"LANA | LANAVAPE - The world's leading vape brand

Emailï¼š lana@lanavape.com
zalo &amp; WhatsApp: +86 13827912599
https://t.co/cLe6Z4kmuj
Wechat: lanapod
Lineï¼šlanavape
#Lanavape, #lanapod, #lanapods, #lanadisposable,#lanaclearpods https://t.co/0xhjcUXHYl",Lanapods,2022-11-28 02:53:01+00:00
127,1597060910719586304,This is a serious question ~ If you are allergic to citrus and you vape a lemon &amp; lime vape can in cause an allergic reaction? This is probably straight forward Iâ€™m not well versed on vapes to know,AshleeeyMaarie,2022-11-28 02:52:47+00:00
128,1597060894927691776,"NEW PRODUCT ALERT !!
KKaki Bling Disposable.
ğŸ¬ Cherry Candy

â¤ï¸FOR LIGHT SMOKERS
ğŸ’š500 PUFFS
ğŸ’™2 ML
ğŸ’œ1.8ohm
ğŸ’›Cotton Coil

ğŸğŸ«ğŸ§ŠğŸ’ğŸ‘
A variety of flavors for you to tasteï¼

#bouldervape #boulderglobal #vaping #vapeon #vapefam #southafricavape #ukvapers #KKaki https://t.co/YKIQfJWYy4",BoulderGlobal,2022-11-28 02:52:43+00:00
129,1597060732276785152,"Newest 7k puffs R&amp;M Master, wholesale priceğŸ”¥ğŸ”¥
ğŸ™‹â€â™€ï¸Whatsapp: https://t.co/Tzh9Hqr6uz
ğŸŒŠ5% /2%/3%0% nicotine, 15ml prefilled e-liquid
ğŸŒŠCapacity: 15ml e-liquid 
ğŸŒŠ650mAh rechargeable battery with type-c port
ğŸŒŠBottom airflow control
#vape #vapestore #vapeshop #hyde #puffs #vaping https://t.co/mRKRKPwCkY",luping37005556,2022-11-28 02:52:05+00:00
130,1597060678510338050,starting my third harry potter movie of the day,onlyrockland,2022-11-28 02:51:52+00:00
131,1597060417268092928,"#edibles #cbdoil 
#cannabiscommunity Pineapple Express Vape Cartridge 900mg Go higher, harder, and faster with 10X disposable vape cartridges infused with Delta-8. Itâ€™s a quick, easy, on-the-go way to enjoy your favorite buzz-worthy https://t.co/7DO1F9wrkO #cbd #cannabis #hemp https://t.co/HJ7MTxHghC",CBDSmokeShop,2022-11-28 02:50:50+00:00
132,1597060378193985536,Why do people like to vape??? You donâ€™t get high so whatâ€™s the point?,WHOizSKiTTLEZ,2022-11-28 02:50:40+00:00
133,1597060253220077569,"dudes be having them lil colorful vapes attached to they lips like a binky all day, but im the bad guy for bein off the loud smh.",Vinnyupnorth,2022-11-28 02:50:10+00:00
134,1597060185717346305,my vape just ran out AND i ran out of weed â€¦ iâ€™m going to bed,TRAPGURLDAII,2022-11-28 02:49:54+00:00
135,1597060083154051072,"second time i (accidentally) run a red light this week, in my criminal era fr",jb_mmiii,2022-11-28 02:49:30+00:00
136,1597060022479257600,Come &amp; try to figure the money you could save if you managed switched from smoking to vaping (or to open-system vaping) #vape #vaping #save #money https://t.co/hYuLx3LrJR,J_Thatvaper,2022-11-28 02:49:15+00:00
137,1597059948621418496,You can either wear a mask to the movies or you can vape in your seat but there is no middle,TheWalkingCrip,2022-11-28 02:48:58+00:00
138,1597059883240919040,Noway someone called to ask me to check if they dropped their iget vape in here..,Oneetax,2022-11-28 02:48:42+00:00
139,1597059864634675200,vaping during sex is crazy ğŸ˜®,raeb2007,2022-11-28 02:48:38+00:00
140,1597059778899243009,My vape dead Iâ€™m finna cry ğŸ˜‚ğŸ˜‚ğŸ˜‚,williams_shara,2022-11-28 02:48:17+00:00
141,1597059763971698688,getting idâ€™d is so embarassing â€œoh so you likeâ€¦ just turned 18â€ just give me the damn vape,chaenglbs,2022-11-28 02:48:14+00:00
142,1597059708460093441,"New ideas in the field of Square tubeï¼Œdisposable pod with detachable Rechargeable batteryğŸ¤©ğŸ¤©ğŸ¤©

#JUDE #vape #disposables #pod #puff #bar #vapor #vaping https://t.co/YCU8KHtaJc",Angela_vape_oem,2022-11-28 02:48:01+00:00
143,1597059689900306432,"Disposable vape factory more than 30 flavors for you to choose from.ğŸ˜ğŸ¥°ğŸ˜˜ 
#vape #vapes #vapepen #vapedisposable #disposablevape #vapepod #podmod #vapingcommunity #vapejuice #smoke #smoking #disposablepod #vapedisposable #ODM #OEM #vapeshop #vapewholesale #vapefactory #factory https://t.co/Q3BMsU9K79",axm20787329,2022-11-28 02:47:56+00:00
144,1597059645058600960,grown men vaping,_bridgette__,2022-11-28 02:47:45+00:00
145,1597059617753731072,i told my cat abt us,guillenjuliza,2022-11-28 02:47:39+00:00
146,1597059536564944896,"New styles, in constant innovation and pursuit of fashion, have a style that enhances your taste, and the convenient style helps you to carry it more easily.ğŸ˜
https://t.co/gA2pgLcpIG
#Wholesale #Vape #Apple #Taste https://t.co/s2p9XObeUG",xuli73969247,2022-11-28 02:47:20+00:00
147,1597059469099208704,fuck sex can you stick around until i find my vape bc omm i think you got it,_tamatoa_v,2022-11-28 02:47:04+00:00
148,1597059340690546689,"Don't forget this beast that flavor rips!
Model: #yocanorbit

Cr: @fireandwatersmokeshop

Get more on https://t.co/GanyTTM7nU

#yocan #orbit #vape #vapes #extract #dab #dabs #rig #rigs #dabrig #dabrigs #vaporizer #vaporizers #yocanvape #terppearls #qbccoil #yocantech https://t.co/wfUUEX15Kr",YocanTechnology,2022-11-28 02:46:33+00:00
149,1597059334625972225,vapes are just pacifiers for adults,briabellini,2022-11-28 02:46:31+00:00
150,1597059147446394880,Look up the cancer related affects from vapes. Shocking.,WyattWealthe,2022-11-28 02:45:47+00:00
151,1597058916986519553,Can You Bring Vape on a Plane? [Full Research for 2022] https://t.co/E7ha5zBmCm #packingtipsandlists,SabbaticalGuide,2022-11-28 02:44:52+00:00
152,1597058902754852865,hitting ur vape and making eye contact with a child is so awkward like do they want a hit?,gumbaIIfan,2022-11-28 02:44:48+00:00
153,1597058794475098113,Sucking on this vape like itâ€™s a baby bottle,ihatefrenchppl7,2022-11-28 02:44:23+00:00
154,1597058788024283136,"Thank you for this achievement!ğŸ‘ #Destiny2Art #destinywarlock #Destiny2 #Destiny2Showcase #ThreadsofFright #DestinyFANZphotos 
Source: https://t.co/XzyCGzM28w https://t.co/iHTEbqJJv3",EmbiidJuul,2022-11-28 02:44:21+00:00
155,1597058787923279872,i need to get a vape soon,mentalillbroth,2022-11-28 02:44:21+00:00
156,1597058651109306368,lost my juul like 3 months ago &amp; just found it again yall think its safe to use,joxellie,2022-11-28 02:43:48+00:00
157,1597058636316303360,Having a safety power source is the key to a pleasure vaping experience #vaping #vape #dtl #subohm https://t.co/IdZupTJB0h,J_Thatvaper,2022-11-28 02:43:45+00:00
158,1597058294472126464,"What I carry today, what about yours?

WARNING: You must be legal of age to vape, thank you.
â €
#KAMO #AIO #POD #VAPEUK #VAPEITALY #VAPEKIT #VAPEUSA #VAPEMALAYSIA #VAPEEUROPE #PODSYSTEM #VAPELIFE #VAPELIQUID #Ultroner #vapeindonesia #vapejapan #vapemalaysia https://t.co/DPZKxp75VZ",Alisa_Ultroner,2022-11-28 02:42:23+00:00
159,1597058035461287939,"Happy ROI D'koshop Vape shop!
Small achievements again! 
Lezzgo boi! More struggles failures &amp; sales to come â¤ï¸â€ğŸ”¥",roelversoza09,2022-11-28 02:41:22+00:00
160,1597057938849689606,Iâ€™ve  gone like 4 days without vaping and I am omw to serpent to change that right now,salmajpg,2022-11-28 02:40:59+00:00
161,1597057892917514240,God the bathroom is fucking boring without a vape,keelography,2022-11-28 02:40:48+00:00
162,1597057818879995904,"Went to work. Came home. Played with my dog. Went to the vape store then to the grocery store. Just about fucking binged with my boyfriend, but imma just make what I had my omad. Took a shower. Started my period. Now I gotta do dishes and help make dinner and some pies.",goingdown283,2022-11-28 02:40:30+00:00
163,1597057643075362816,Vaping crack cocaine,SoakUpThe_Sun,2022-11-28 02:39:48+00:00
164,1597057611962011648,"Ex-soldier, 39, who invited 12-year-old boy and his friends to drink alcohol, smoke vapes and sleepover at his home is spared jailÂ  https://t.co/C2N5wUsh0z",granthshalausa,2022-11-28 02:39:41+00:00
165,1597057520861749248,i hate being in the car with someone who vapes ğŸ˜­,kylahleighann,2022-11-28 02:39:19+00:00
166,1597057519675146240,Playing the game of did I lose my vape? Did my nephew steal it? Did my cop BIL steal it and report me (it's only D8 get fucked by the farm bill).,TrashGarbonara,2022-11-28 02:39:19+00:00
167,1597057482949808134,The Bachelor star vapes while filming James Bond themed Bachelor promo https://t.co/xfXGrrC7Nc https://t.co/MFpDXZ1vTY,smackgirls,2022-11-28 02:39:10+00:00
168,1597057423637852160,I pray to god that not every girl my age dies from some sick disease do to the ongoing â€œvapeâ€ trend.,WyattWealthe,2022-11-28 02:38:56+00:00
169,1597057400481415173,Vape nation bitch,clary_ebooks,2022-11-28 02:38:50+00:00
170,1597057284701818880,"serious question for my ouid schmokin friends: if you live in an apartment, do you still use flower? Iâ€™ve been using vape carts but I miss flower so damn much ğŸ˜­ I have 3 other neighbors in my building tho and I donâ€™t wanna disturb them with the stank ğŸ˜",larkthefae,2022-11-28 02:38:23+00:00
171,1597057270785150976,"It turned out better than I anticipated.ğŸ˜ğŸ˜ğŸ˜ğŸ˜ğŸ˜ #Destiny2 #Destiny2Showcaseã‚’è¿½ä½“é¨“ã—ã¾ã—ã‚‡ã† #Destiny2Showcase #ThreadsofFright 
Source: https://t.co/1nIDKgKxZu https://t.co/kEZIl9fkd3",EmbiidJuul,2022-11-28 02:38:19+00:00
172,1597057228414291969,Possi and Dox are cigarette and vape solidarity,BoxiBinks,2022-11-28 02:38:09+00:00
173,1597056879288385536,lifes bad but im getting a new vape and cart this week,VERSAlLLED,2022-11-28 02:36:46+00:00
174,1597056762573508609,"Oh man. Not the juul faze. Better yet, not the nicotine/vape faze https://t.co/GmvlhWtJfO",_annaaltmann_,2022-11-28 02:36:18+00:00
175,1597056506297737216,me and WHO https://t.co/1izLLcUJuh,0320wrId,2022-11-28 02:35:17+00:00
176,1597056444167524352,Guess this is why the power flickered earlier this afternoon? https://t.co/ZVXagPKThR,Dingo_Kayfabe,2022-11-28 02:35:02+00:00
177,1597056403952254978,"Amazing how Chuck Norris shifts seamlessly between attacking nicotine and cannabis vaping in this suspiciously professional op-ed.

I'm not saying he didn't write it, but...oh wait, yes I am.

https://t.co/GJ4R7vfMTX",whycherrywhy,2022-11-28 02:34:53+00:00
178,1597056388551016448,I need the vape gods to magically throw a vape in front of me rn.,tapinwtdawg8,2022-11-28 02:34:49+00:00
179,1597056211546882048,Cigars are like those Puff Plus vapes with over 8000 hits,camelBlues444,2022-11-28 02:34:07+00:00
180,1597056195667570688,oh man https://t.co/64PPM9YG65,0320wrId,2022-11-28 02:34:03+00:00
181,1597056134409379841,Space bear space Dog funny space car spac penis space squid space minstrel show space sword space in the stars https://t.co/ZXxIPQhQmj,Dingo_Kayfabe,2022-11-28 02:33:48+00:00
182,1597056074326020096,"11,000 puffs dual tank, from Abufan Tech, Pay him!!!
#vape #vapeå¥½ããªäººã¨ç¹‹ãŒã‚ŠãŸã„ #vapeæ”¾å‡º #smoke #ecig #abufan #sohi https://t.co/g2IoFCviTe",michaelhu910520,2022-11-28 02:33:34+00:00
183,1597056049072476160,Men I hate this part of Texas,apauvz,2022-11-28 02:33:28+00:00
184,1597056031464783872,"While vaping advocates are willing to throw non-smoking kids under the bus of 'harm reduction', the evidence on the lack of efficacy in supporting cessation with those already hooked is growing. Switching to 'smoking light' is not quitting! https://t.co/M7zrukA303",TahirTturk,2022-11-28 02:33:24+00:00
185,1597055947637067776,Good morninâ¤ï¸,EngVapes,2022-11-28 02:33:04+00:00
186,1597055727797170176,"i have literally cured my own ocd, adhd, and dyslexia without medicine. i keep the ability to turn my autism on and off however.",ornithologistt,2022-11-28 02:32:12+00:00
187,1597055629079695360,"trying to fund my expensive ass action sport hobbies, cooking, my alcohol, my vape addiction, and also my need for tattoos all at once while paying my bills ğŸ˜ğŸ˜ğŸ˜",godjuststfu,2022-11-28 02:31:48+00:00
188,1597055560733822979,I be bout to die smoking this vape.,ox_ashleeeey,2022-11-28 02:31:32+00:00
189,1597055511857631232,check out my new vape pen,andrejchanbot,2022-11-28 02:31:20+00:00
190,1597055436967944192,scara with off field applicators would be so fun but i think 3 other elements in the party would be overkill as he would only be buffed with 2 elements. either yelan or fischl goes but i feel like yelan would be a better fit with thoma for vape than fischl for overload,deukaetannie,2022-11-28 02:31:02+00:00
191,1597055359038164993,once the high school bathroom became the vape room every bathroom becomes the vape room,crazy_4_jhujhi,2022-11-28 02:30:44+00:00
192,1597055309000093698,i got hooked onto the matcha flum vape ğŸ¥²,charxmaine,2022-11-28 02:30:32+00:00
193,1597055303677538305,this is exactly why the only time the mask comes off outside of my home is to eat and to vape (and I do those outside as as socially distanced as I can in Midtown NYC) https://t.co/vyOIQ34ER9,FsckOffFash,2022-11-28 02:30:30+00:00
194,1597055160022278144,"iâ€™m really proud of myself for quitting vaping nearly two years ago but whenever i see a pic of a juul, my heart beats a little faster. do they even still make them??",reverendbabe,2022-11-28 02:29:56+00:00
195,1597055061972373504,iâ€™m just a little crazy lol,juulpodlmaoo,2022-11-28 02:29:33+00:00
196,1597054844606779398,day 2 fit secured,0320wrId,2022-11-28 02:28:41+00:00
197,1597054519795675136,Amazing girls with DJ at Biffbar booth in Italyâ¤ï¸ Thank you all for joining us at Vaping Expo Italy https://t.co/2OOk7WNj8P,biffbarofficial,2022-11-28 02:27:24+00:00
198,1597054495846199296,"Just posted a photo @ London, United Kingdom https://t.co/wvNiUPPRp0",thepiercedvaper,2022-11-28 02:27:18+00:00
199,1597054192316579840,"I currently smoke, vape and dip ğŸ˜©",HONKYTONKINTUNE,2022-11-28 02:26:05+00:00
200,1597054188198203392,"â¤ï¸Wotofo Vapes
What is a Disposable Vape?
A disposable vape is, as it sounds, a vape you dispose of after you're finished with it. Most disposables house the juice and battery in an enclosed system.
#vapeÂ #disposablevapeÂ #algerieÂ #vapeflavourÂ #vapedailyÂ #ukvapeÂ #vapecommunity https://t.co/AVl8wEvSn1",vamantech02,2022-11-28 02:26:04+00:00
201,1597054168451407872,"Ppl still have juuls? Ppl are still buying juul pods? 
Gtfoh",TeaTimeWithMxMx,2022-11-28 02:26:00+00:00
202,1597054163501793282,Wholesale Cigarette  https://t.co/aj7y146rby via @madeinchina_b2b,MiaChen0830,2022-11-28 02:25:59+00:00
203,1597054005376872448,I never want to drink or smoke a vape ever again in my life pls donâ€™t invite me out Iâ€™m not going,kaitlin_correa,2022-11-28 02:25:21+00:00
204,1597053944793997312,Lost my vape.,bangkwangya,2022-11-28 02:25:06+00:00
205,1597053900401803264,Vandy Vape Pulse AIO Mini Kit Giveaway https://t.co/TnqvmFy6z4,SaipulB59784124,2022-11-28 02:24:56+00:00
206,1597053810345938944,"Continue the SAVINGS UP TO 70% OFF!! on #CBD #VAPE #CBDOIL DISCOUNT WEEK ALL WEEK 
#CyberMonday 
https://t.co/sem1lYAkad https://t.co/uHM28swkZm",MoneyhealthF,2022-11-28 02:24:34+00:00
207,1597053755995828224,someone was passing a lychee vape around the room and i imagined they aftertaste of it &amp; felt my head / stomach ache,julyfoolss,2022-11-28 02:24:21+00:00
208,1597053618347474945,"Continue the SAVINGS UP TO 70% OFF!! on #CBD #VAPE #CBDOIL DISCOUNT WEEK ALL WEEK 
#CyberMonday 
https://t.co/4GURCiknN1 https://t.co/VfqUtaH5C8",cbdhealthbasket,2022-11-28 02:23:49+00:00
209,1597053526425096194,"Continue the SAVINGS UP TO 70% OFF!! on #CBD #VAPE #CBDOIL DISCOUNT WEEK ALL WEEK 
#CyberMonday 
https://t.co/7vuS89hgZy https://t.co/nlBYGfahpk",CBDSmokeShop,2022-11-28 02:23:27+00:00
210,1597053525531693058,China's famous brand Phoenix Bird disposable e-cigarette 5000 puffs https://t.co/lQGkEfZnrr,Hassan11759364,2022-11-28 02:23:26+00:00
211,1597053401983877120,"HAPPY 9th ANNIVERSARY TO VAPE EMPIRE ğŸ‰ 

It's been 9 years from 2013 till now! 

We did like to take this opportunity to thank you for all the amazing Vape Empire crew members and loyal customers. Your confirmation is a lot to us!  

#vapeempiremalaysia #9thanniversary https://t.co/gXdaKPJVZC",vapempire_my,2022-11-28 02:22:57+00:00
212,1597053146224033792,The gym seems like a dumb idea for me right now so Iâ€™ll switch electronic cigarettes to the Juul which is cheaper then Vuse. I like a little white wine occasionally too. Iâ€™m not a drug addicted and Iâ€™m not a alcoholic. I take herbal medicine to wake up and sleep.,jennelained,2022-11-28 02:21:56+00:00
213,1597053120772571136,GOODBYE https://t.co/MHR5a9vXSC,catwithlean,2022-11-28 02:21:50+00:00
214,1597053038862426112,working in a LTC facility made me realize that i would rather k word my parents myself than send them to a nursing home,jenessa4prez,2022-11-28 02:21:30+00:00
215,1597053010081120256,can you imagine being able to be emma watson AND hermione granger?!,onlyrockland,2022-11-28 02:21:24+00:00
216,1597053006369128448,"I sold my N64 to one of my best friends from university. We are going to celebrate with fried chicken.

I can't eat for 24 hours after tomorrow morning. I have to undergo hand surgery.

I have to spend time eating. Today I skipped breakfast.

Vaping instead of smoking.",Mark73870118,2022-11-28 02:21:23+00:00
217,1597052994842828801,might start vaping again. this stress is insane.,theylovecalvin,2022-11-28 02:21:20+00:00
218,1597052969047842816,can you vape at disneyland,vol6katherine,2022-11-28 02:21:14+00:00
219,1597052959720091648,"#edibles #cbdoil 
#cannabiscommunity When youâ€™re wide awake and looking to keep the party going. You need to grab some Disposable Vape Pen Orange CrushÂ  and get hyper! With Hyper Delta-10 Disposable Vape Pens in Orange Crush, you can https://t.co/pD0yCHfTuc #cbd #cannabis https://t.co/QOTREd4Xs4",CBDSmokeShop,2022-11-28 02:21:12+00:00
220,1597052942993219585,"Continue the SAVINGS UP TO 70% OFF!! on #CBD #VAPE #CBDOIL DISCOUNT WEEK ALL WEEK 
#CyberMonday 
https://t.co/rdmZmTfLVS https://t.co/J935VpytXu",MMPconnect,2022-11-28 02:21:08+00:00
221,1597052916363563008,Is it real? Heni is best collection @MarcMeanwhile @vladime06781461 @PJGarci08277289 @CykoPlays @GraceMaureenDog @OfficialSFH @NickDaSpoke @mcgrave2 @lil_yapper https://t.co/HIbT2ezJ2y,WeeabooVapeGod,2022-11-28 02:21:01+00:00
222,1597052803893297152,i wish i was old enough to experience the og crem brulee juul. that shit gotta have slapped,sadmuffinman,2022-11-28 02:20:34+00:00
223,1597052576130043904,"ğŸ”¥A great successï¼
ğŸ”¥Look how popular HQD in  Padova,Italy Expo!
#hqd #vapeItaly #vape #vaping #vapor #Padova #vapexpo #fyp #vaporizer #padovafiera #vapingexpo #padova #svapo #hqd #hqdpods #hqdeurope #hqdvape #vapeitaly #padovafiere #vapeeurope #italianvapers #vapecommunity https://t.co/HzOLYVVTk0",Robbin_hqd,2022-11-28 02:19:40+00:00
224,1597052551786278913,i hate to be that guy but give me a 6pack of slime light a mango juul pod and a tuggie and iâ€™m puttin up more points on the texans than tua,bookitwithGary,2022-11-28 02:19:34+00:00
225,1597052431967588352,"Romio M5   5000Puffs    15ML
Big puff disposable model like box mod
Support OEM and ODM
Whatsapp:+86 18019228056
Email: sophie.luo@romioecig.com
#vapeuk #vaporuk #vapeusa #vapeus #vapekuwait #ukvapers #vapemalaysia #vapormalaysia #vapeus #vape #vapeukvapelife #vapewholesale https://t.co/elTtOAfNQH",Sophie_Romio,2022-11-28 02:19:06+00:00
226,1597052385762848768,My vape https://t.co/B83dfP0bzB,madisonlawhon_,2022-11-28 02:18:55+00:00
227,1597052158641594368,why does my vape taste like japanese mayonnaise,DOGSHUSBAND,2022-11-28 02:18:01+00:00
228,1597052042102833152,do u think both my vape batteries teamed up and decided to die on the same day just to spite me?,montaukliving,2022-11-28 02:17:33+00:00
229,1597052022905151490,Bitch my vape is in almost every single one of my insta picsğŸ˜ŸIâ€™m embarrassed,irizz0_0,2022-11-28 02:17:28+00:00
230,1597051822010552320,The intimacy of pulling out the same exact vape as the guy on my phone with cum on his chest ğŸ’¯,babybagoshood,2022-11-28 02:16:40+00:00
231,1597051689286389760,where is my VAPE!!!!!!!!,slugwannabe,2022-11-28 02:16:09+00:00
232,1597051612480307200,Not to be judgemental or anything but I really hate vaping,CookiesOI,2022-11-28 02:15:50+00:00
233,1597051566007422978,They would rather worry about Biden's age/ He just turned 80 and seems to be in better shape than that youngin Trump. We should be more worried about the mental health of these Republican leaders. https://t.co/sUUnytCijZ,Vaping_Gram,2022-11-28 02:15:39+00:00
234,1597051555894939648,"Continue the SAVINGS UP TO 70% OFF!! on #CBD #VAPE #CBDOIL DISCOUNT WEEK ALL WEEK 
#CyberMonday 
https://t.co/RUvfhy9NHi https://t.co/uBNJiB8Uqu",MMPconnection,2022-11-28 02:15:37+00:00
235,1597051475175550976,keep talking that shit mf you eat juul pods https://t.co/1zVwX3kTl4,zxrr44,2022-11-28 02:15:18+00:00
236,1597051466639765504,"Uncle: â€œso howâ€™s your new job at the vape shop treating you?â€

Me: https://t.co/1X03Sw7r9q",TRAlNSPOTTER,2022-11-28 02:15:16+00:00
237,1597051400848310273,"i sound like one of those annoying vape guys when iâ€™m like â€œohh yeah iâ€™ll just stop when i feel like it, i could at any timeâ€ Girl u know damn well",fakeitoffline,2022-11-28 02:15:00+00:00
238,1597051158991872000,"Canâ€™t Hear What Actors Are Saying on TV? Itâ€™s Not You, Probably - The Wall Street Journal https://t.co/VOieEhDqMS",SaVvyVaper,2022-11-28 02:14:02+00:00
239,1597051141396647936,hell nah someone done lost their vape in the dsw,teddybearpng,2022-11-28 02:13:58+00:00
240,1597051056403271681,I just swallowed my juul ğŸ˜°,jadewesttwt,2022-11-28 02:13:38+00:00
241,1597051037499940869,what is so good about vapes? like iâ€™m genuinely curious like is it the flavors or what,lolaariiannaa,2022-11-28 02:13:33+00:00
242,1597050866598440961,"!! VAPING REPORT!!
momota: huge vape rips
hoshi: has a cigarette but never smokes it... vape life?
maki: threatened to kill me for asking",botkichiouma,2022-11-28 02:12:53+00:00
243,1597050812249026560,like fuck u!!!! let me smoke my juul i am picking my own way to die tf,fuckkarls,2022-11-28 02:12:40+00:00
244,1597050687480729600,why do u ppl care if juul is bad it's too bad we r all gunna die anyways,fuckkarls,2022-11-28 02:12:10+00:00
245,1597050667884953600,"Video about vapingexpo in Italy~
It is so cool~ğŸ‘
#biffbar #vapingexpo #disposable #disposablevape #vapes #fume #show #italy #leather #leathercoating #lux #luxury #airflow https://t.co/J2w52xM87t",MayaPeng8,2022-11-28 02:12:05+00:00
246,1597050581264527360,i used to have a limited edition icy blue juul it was so pretty i miss it,fuckkarls,2022-11-28 02:11:44+00:00
247,1597050402075070464,"Our lastest product ğŸ˜
Pod system

 #Manchester #Wholesale #Vape #worldcup #vapesoul #voom #padova #italy #expo #vape #vapetricks #vapeon #vapenation #vapelife #vapecommunity #vapefam #vapeindonesia #vapelyfe #hookahlouge #hookahbar #hookahlife #hookahlove #shisha #Nicotine https://t.co/avXTO5PVsl",RoseLiu520,2022-11-28 02:11:02+00:00
248,1597050285838540803,"September felt shorter than the last few years since I bought a vape I could have anyone elseâ€™s singing voice, off the internet, wow",joeyculobot,2022-11-28 02:10:34+00:00
249,1597050275042570241,â€œVape Cannabis and Make Loveâ€sounds and feels better. https://t.co/wlyiKz89tj,AlanHCohn1,2022-11-28 02:10:31+00:00
250,1597050271561285632,You ever seen that video on how they quality control vapes,rzaaji,2022-11-28 02:10:31+00:00
251,1597050261142646784,i miss juuling it was so much fun bring back the #juul,fuckkarls,2022-11-28 02:10:28+00:00
252,1597050190833549312,anytime i drink i lose me inhibition to chew on thing. i start chewing on my vape or anything,breakablepoteru,2022-11-28 02:10:11+00:00
253,1597050160466362368,for my bday i need a new vape,gunshnds,2022-11-28 02:10:04+00:00
254,1597050102451154944,Mfs be 20 years old selling vapes on their ig stories ğŸ˜­ğŸ˜­,benzema_sexual,2022-11-28 02:09:50+00:00
255,1597050079411834880,"what??? people who smoke or vape are a â€˜no-noâ€™ on my list but if this is true, then janella you are the only exception mahal na mahal pa rin kita please vape responsibly ğŸ«¶ğŸ» https://t.co/mz6zItk3Gu",jeamxn,2022-11-28 02:09:45+00:00
256,1597049637160222720,"Have you checked out @Sp4c3_Cr34tur3s #NFT 
Both series FP are 10x over mint
Here is the next mint R0b0tz https://t.co/v9Fcwz1I4w",Ranger_Vapes,2022-11-28 02:07:59+00:00
257,1597049250130456576,I really wanna get some @sakim80 @Gacha_NFT @AmirDoust2 @DYOR7eth @CryptoDadChad @ViorelViorvis @vapes_fresh @Ayaredoubleyou @vanguardexpress https://t.co/DstADB4ZXf,zaidzehn,2022-11-28 02:06:27+00:00
258,1597049196435378176,"Traveling back to school today was an absolute nightmareâ€¦delayed 4 hours &amp; a 40 min flight turned into a 90 min flightâ€¦the guy next to me vaped the entire time and because the flight attendants had to be seated the entire time they didnâ€™t know

Was a LONG dayâ€¦glad itâ€™s over",ExhaustedPrePA,2022-11-28 02:06:14+00:00
259,1597049108581474306,life is just so absolutely terrible but im getting a new vape tmrw! cheers to that,indigokgs,2022-11-28 02:05:53+00:00
260,1597049074813145088,Itâ€™s just me and my little vape against the world,gabriel_jjames,2022-11-28 02:05:45+00:00
261,1597048936807530496,which one is real https://t.co/c7m1FlQu52,_kazookle,2022-11-28 02:05:12+00:00
262,1597048935650295809,Tried to run with @doraavargass @belenndeleonn vape â€¦ https://t.co/AT662XGUg5,notjr33,2022-11-28 02:05:12+00:00
263,1597048834517250049,STOPPP SOMEONEâ€™S VAPE DROPPED ON THE FLOOR IN CLASS AND THE TEACHER PICKED IT UP AND ASKED â€œis this urs? whatâ€™s thatâ€ ğŸ˜­ğŸ˜­ğŸ˜­,yatocheeks,2022-11-28 02:04:48+00:00
264,1597048659048247296,for the last time kanade I'm not gonna vape with you,jougasak_ebooks,2022-11-28 02:04:06+00:00
265,1597048590303522816,Fucking vape has run out ğŸ˜¤,Stapeslock,2022-11-28 02:03:50+00:00
266,1597048570821038080,this wepe (weed vape) has me like hhhhâ€¦..â€¦.HHHRKâ€¦â€¦hrrkâ€¦..hhhueâ€¦,fanygate,2022-11-28 02:03:45+00:00
267,1597048413765263361,dear gibi piercer can i please hit my vape while you pierce my nipples,maythebot,2022-11-28 02:03:08+00:00
268,1597047978510159873,Me vaping in the bathroom is just a courtesy to mask the stench of that ungodly shit I took in your toilet,letsdiscobabe,2022-11-28 02:01:24+00:00
269,1597047935942131712,ten deaths and no life,8vapeEth,2022-11-28 02:01:14+00:00
270,1597047810997747712,Earned 4 PSN trophies (4 bronze) in Goat Simulator 3 https://t.co/ZbawGqJreo,JuulStreamt,2022-11-28 02:00:44+00:00
271,1597047684661411843,The way I act when I misplace my vape is not ok ğŸ˜­ğŸ˜­,_ksev,2022-11-28 02:00:14+00:00
272,1597047647587926016,whoâ€™s up vaping,ilydoji,2022-11-28 02:00:05+00:00
273,1597047647541424129,"ğŸŒˆğŸŒˆ
ğŸ†•ğŸ‘ğŸ™ŒToday's handcheck of #voopooarguszkit~ğŸ‘‹ 

âœ”ï¸Built-in 900mAh Battery
âœ”ï¸2ml Pod Capacity
ğŸ™‹7 ColorsğŸ’›â¤ï¸ğŸ’—
..
ğŸ’ƒStay Tuned:ğŸ‘‡
https://t.co/rnGvC3YBVI
&gt;
#voopoo #arguszpod #arguszkit #voopooargusz #vapewholesale #vape #vapelife #vapenation #vapecommunity #é›»å­ã‚¿ãƒã‚³ https://t.co/HrxorUePNr",HealthCabin,2022-11-28 02:00:05+00:00
274,1597047553014796288,"PINOY VAPERS CHRISMAS PARTY
BOOTH N1 
2022/12/04 
THE TENT AT VISTA SOUTH, LAS PINAS SEE YOU THERE !
Vapehome see you there in Philippines !

#philippines #manila #vapehome #again #apoc https://t.co/9eJJiNVlkH",VapehomeO,2022-11-28 01:59:43+00:00
275,1597047551848390656,The Bachelor star vapes while filming James Bond themed Bachelor promoÂ  https://t.co/gPQPRgKS6B,GamerSaiReddy1,2022-11-28 01:59:42+00:00
276,1597047381887180801,Jon basically flipped my car over looking for his vape ğŸ˜‚,_DeeRae_,2022-11-28 01:59:02+00:00
277,1597047344675291141,State Farm stadium is great btw. Was like 6 rows from the top at the 50 and seats were still great. Besides the fact the made me throw away my vape smh,jaylow_93,2022-11-28 01:58:53+00:00
278,1597047288123527169,i get no bitches ğŸ™â€â™€ï¸,chaengburi,2022-11-28 01:58:39+00:00
279,1597047280775094272,Just hit a vape and now Iâ€™m seeing god i should try dmt,MaryLouBearhig,2022-11-28 01:58:38+00:00
280,1597047271564378112,Vaping nicotine add to your stress and anxiety   https://t.co/1LlTZYhRQz,phil20006,2022-11-28 01:58:35+00:00
281,1597047200348979201,"Do you like the Wasp X4000 Disposable in green?ğŸ˜‡
Warning:you must be of legal age to vape, thank you!
#vapelife #vapenation #vapeporn #vaping #vapefam #vapor #vapers #vapeshop #vapelyfe #vapedaily #vapestore #vaporizer #vapesociety #vapefamily #ecig #ecigarette #disposable https://t.co/9bwxMU3Twh",yuki33266750,2022-11-28 01:58:18+00:00
282,1597046771745640448,The Bachelor star vapes while filming James Bond themed Bachelor promoÂ  https://t.co/CrHlxDrmUo,ViralTrunk,2022-11-28 01:56:36+00:00
283,1597046664849522688,Lost Vape Centaurus M200 Kit Giveaway https://t.co/BLNVe5EhdR,chrissiedixon21,2022-11-28 01:56:11+00:00
284,1597046551553007616,Tips for quitting vaping? Please.,gageantonio,2022-11-28 01:55:44+00:00
285,1597046506158116865,Vandy Vape Pulse AIO Mini Kit Giveaway https://t.co/aDfuxMDDRb,chrissiedixon21,2022-11-28 01:55:33+00:00
286,1597046222686412801,"gonna do my makeup to take nudes, post, then go night night",_emilyj___,2022-11-28 01:54:25+00:00
287,1597045921044234241,"Ugh, I'm turning into vape juice, NOO-!",mephileshourly,2022-11-28 01:53:13+00:00
288,1597045788143943680,Dropping out of college to start an airline you can vape on,poppystrauth,2022-11-28 01:52:42+00:00
289,1597045569373241345,"I want to quit the electronic cigarette with nicotine called vaping. Have not had a real cigarette in like 3 years. Join the gym again with all the money I will save. The gym has a indoor track. Walking everyday would make me feel mentally, emotionally and physically better.",jennelained,2022-11-28 01:51:50+00:00
290,1597045490662932481,i lost my vape and itâ€™s the most troubling thing thatâ€™s happened to me all month,kpopingthatass,2022-11-28 01:51:31+00:00
291,1597045417535242241,"Smoking and vaping is dumb, regardless of whether it's tobacco or weed.

Impaired lung function and decreased lung capacity alone creates problems elsewhere.

For example, sexual dysfunction can be a side effect of poor circulation, caused by smoking/vaping.",Matt_S_Stephens,2022-11-28 01:51:13+00:00
292,1597045386015039488,I am not at all embarrassed that Sum 41 makes this list. I am thoroughly embarrassed that Lin-Manuel Miranda makes this list https://t.co/E3I1dJDwOB,juul_tones,2022-11-28 01:51:06+00:00
293,1597045347163176960,OH my god my grandpa came upstairs and I didnâ€™t expect it and I almost got caught with All of my vape stuff out,madonnaluvrz,2022-11-28 01:50:57+00:00
294,1597045342037368833,wednesday addams had family group therapy SHE IS JUST LIKE ME,onlyrockland,2022-11-28 01:50:55+00:00
295,1597045128174059521,Even my disposable vapes are #blueandyellow &amp; #Ğ£ĞºÑ€Ğ°Ñ—Ğ½Ğ° themedğŸ‰ #radicalized #ArmUkraineNow #Ğ¡Ğ›ĞĞ’ĞĞ£ĞšĞ ĞĞ‡ĞĞ† #ÑƒĞºÑ€Ğ°Ñ—Ğ½Ğ°Ğ°Ğ±Ğ¾ÑĞ¼ĞµÑ€Ñ‚ÑŒ ğŸ‡ºğŸ‡¦ğŸ‡ºğŸ‡¦ğŸ‡ºğŸ‡¦ğŸ‡ºğŸ‡¦ğŸ‡ºğŸ‡¦ğŸ‡ºğŸ‡¦ğŸ‡ºğŸ‡¦ğŸ‡ºğŸ‡¦ğŸ‡ºğŸ‡¦ğŸ‡ºğŸ‡¦ğŸ‡ºğŸ‡¦ğŸ‡ºğŸ‡¦ğŸ‡ºğŸ‡¦ğŸ‡ºğŸ‡¦ğŸ’™ğŸ’›ğŸ‡ºğŸ‡¦ğŸ‡ºğŸ‡¦ğŸ‡ºğŸ‡¦ğŸ‡ºğŸ‡¦ğŸ‡ºğŸ‡¦ğŸ‡ºğŸ‡¦ğŸ‡ºğŸ‡¦ğŸ‡ºğŸ‡¦ğŸ‡ºğŸ‡¦ğŸ’›ğŸ’™ğŸ‡ºğŸ‡¦ğŸ‡ºğŸ‡¦ğŸ‡ºğŸ‡¦ğŸ‡ºğŸ‡¦ğŸ‰ğŸ‰ğŸ‰ğŸ‰ğŸ‰ğŸ‰ğŸ‰ğŸ‰ğŸ‰ğŸ‰ğŸ‰ğŸ‰ğŸ‰ https://t.co/9IWNuPKBVz,JulieFaulk18,2022-11-28 01:50:04+00:00
296,1597045080233496576,watching men vape is so funny cuz yeah u suck on that air dick,nkdubuisson,2022-11-28 01:49:53+00:00
297,1597044871021223941,I havenâ€™t vaped in 24 hours. Iâ€™m more powerful than God,AlexShaneMoore,2022-11-28 01:49:03+00:00
298,1597044767023849472,"Daniel almost barked out something along the lines of: would it kill you to admit you messed up? To apologize? But he knew he wouldnâ€™t get that apology, so he didnâ€™t bother.

He sighed loudly, running a hand through his hair before grabbing his vape out of his pants pocket. - https://t.co/aMsdj6hzUT",_JOURNALISTICS,2022-11-28 01:48:38+00:00
299,1597044693505671169,Physically Iâ€™m vaping in the handicap stall but mentally Iâ€™m way down yonder on the Chattahoochee,ElianSedas,2022-11-28 01:48:21+00:00
300,1597044359828213761,"My new favorite vape flavor: ""Dank Beehive Oven"".",buttsex_subtext,2022-11-28 01:47:01+00:00
301,1597044277640859648,once i get another job and get money i migghttt start vaping again,kaiiventi,2022-11-28 01:46:42+00:00
302,1597043919388561408,my vape is dying and iâ€™m so Upset,d0llykat,2022-11-28 01:45:16+00:00
303,1597043886199025664,juul era was crazy i miss it https://t.co/EDTMITNc0e,foxxxygrandpa_,2022-11-28 01:45:08+00:00
304,1597043846227333120,Get ye flask,CRlSlSACTOR,2022-11-28 01:44:59+00:00
305,1597043619885879296,JEONGIN COCONUT https://t.co/O9kKEizaEQ,0320wrId,2022-11-28 01:44:05+00:00
306,1597043283087175681,I find @TuckerCarlsonâ€™s hair offensive.,PissedVaper,2022-11-28 01:42:44+00:00
307,1597042956749647872,i need a vape asap someone please help me,bobaluvr934,2022-11-28 01:41:27+00:00
308,1597042808862347265,"Last vape jus finished, letâ€™s see how long i can go without vapingğŸ«£",maadciity__,2022-11-28 01:40:51+00:00
309,1597042714323083265,now watching youâ€™ve got mail #Fall #Autumn https://t.co/2vciF4sN0c,swaggyg1rl21,2022-11-28 01:40:29+00:00
310,1597042649361715200,the fact that i really wanted this when i had a juul â€¦.ğŸ˜­ğŸ’€ https://t.co/zL8mvaaIgy,Lynn18__,2022-11-28 01:40:13+00:00
311,1597042642327457792,quitting vaping again for the 1017381818271 timeâ€¦ going to start working out more and taking school seriously.. 2023 is going to be better than 2022,smallworld106,2022-11-28 01:40:12+00:00
312,1597042550720065536,ğŸ˜‚ğŸ˜‚ Mfs making me feel like big tobacco selling 12 year olds vape pens lmfao https://t.co/L7fJCqQ8hv,KerrickDuchy,2022-11-28 01:39:50+00:00
313,1597042428816818176,to get a vape or not â€¦ hmmm https://t.co/WP3bEsl0ve,SAY10w0,2022-11-28 01:39:21+00:00
314,1597042355466829824,Vapor Joes - Daily Vaping Deals: VAPORJOES NETWORK EMAIL LIST UPDATE https://t.co/EVbctKOzrF,vapedv8,2022-11-28 01:39:03+00:00
315,1597042353369669633,"Trying to quit vaping. Only on day 2ğŸ˜… 

Fuck nicotine man, crazy how much it can effect you and your mood. Cant wait for this anxiety to pass and be free from it",theprophettttt,2022-11-28 01:39:03+00:00
316,1597042035135246336,+ this https://t.co/V1j2fw1WVd https://t.co/Nj49lzR02E,0320wrId,2022-11-28 01:37:47+00:00
317,1597041760823169024,I wanna buy vape ğŸ˜…,ImVnlcs,2022-11-28 01:36:42+00:00
318,1597041517155454977,"Muha meds: disposable vapesğŸ¯ diamond reserveğŸ”¥ full spectrum melted diamonds in vapesğŸ”¥ Less than 50 @ 20 each, 50-100 @ 18 a pop, 
more than 100 @ 16 each. https://t.co/2yVIbdOAc8",DoctorShrooms41,2022-11-28 01:35:43+00:00
319,1597041481914941440,thoughts https://t.co/KH471N0Ayb,0320wrId,2022-11-28 01:35:35+00:00
320,1597041466898927616,SOMEONE TAKE THIS JUUL AWAY FROM ME FR SERIOUS I WILL DM U MY ADDRESS,herefordays,2022-11-28 01:35:31+00:00
321,1597041403611459585,Canâ€™t wait to be someoneâ€™s cosplay waifu one day. ğŸ¥º https://t.co/FCA2yOwjea,CakesNotVapes,2022-11-28 01:35:16+00:00
322,1597041387174006784,"when u donâ€™t let ur homie hit ur vape, thatâ€™s the typa greed they talk about in the bible",shrinkyydinkk,2022-11-28 01:35:12+00:00
323,1597041344303992834,I sit here and vape like thinking man statues modern day equivalent,ashtonhwaples,2022-11-28 01:35:02+00:00
324,1597041289320534017,why did i have to find a vape flavor that i love,rainsmelll,2022-11-28 01:34:49+00:00
325,1597041134915964928,i was having so much fun meeting everyone and i spent 10 mins fucking with my juul pods and literally everyone was gone i am very sad i didn't even get to say goodbye,hoglord69,2022-11-28 01:34:12+00:00
326,1597041073460682753,yeah i vape! I vape that good tangerines. #GOGREEN,takami_ebooks,2022-11-28 01:33:58+00:00
327,1597040994632933376,HES BLONDE AGAIN https://t.co/htGFgdWJI8,kuntenslayen,2022-11-28 01:33:39+00:00
328,1597040980674641925,vaping anti freeze https://t.co/oCFHzsAuva,jerseyclubremix,2022-11-28 01:33:36+00:00
329,1597040918623764482,"More adolescent e-cigarette users report vaping within five minutes of waking up, new study finds https://t.co/9dzJZOVonj",Richard82365165,2022-11-28 01:33:21+00:00
330,1597040716727058432,shan em or anyone are yall free to call i need opinions on day 2 fits,0320wrId,2022-11-28 01:32:33+00:00
331,1597040618878169094,my stupid lil coconut https://t.co/kE4a4fUjNl,0320wrId,2022-11-28 01:32:09+00:00
332,1597040564071202816,BLONDE IS BACK https://t.co/jFyM1MVuFG,0320wrId,2022-11-28 01:31:56+00:00
333,1597040554462040066,"Bruh i just remembered on the last day of school me nd my homie was walkin away from da school nd we was smokin a vape nd the principal was like ""yall could have at least waited till you were out of our sight"" â˜ ï¸",KoiNoShirayuki,2022-11-28 01:31:54+00:00
334,1597040528494776320,This the last thing you gonna see when my vape blinks your hand ğŸ¤·ğŸ»â€â™€ï¸ https://t.co/yZdHAWm4ue,kellyvargazz,2022-11-28 01:31:48+00:00
335,1597040412115750913,I vape,liquidsnakebot,2022-11-28 01:31:20+00:00
336,1597040109127598080,TEENAGERS VAPE which is a big problem because unlike adults teenagers have undeveloped brains which can lead to more problems!,Dont_Vape_Bot,2022-11-28 01:30:08+00:00
337,1597040089288175616,got a 2 g vape ğŸ˜­ this shit is so thicc,cupidtricks,2022-11-28 01:30:03+00:00
338,1597040079364829184,"Filled with magicâœ¨ğŸ‘» and abilitiesğŸ‘‘ğŸ˜, SoSoul Y6000 is an amazing companion for youğŸ˜˜ğŸ¦„ .

â¤ï¸So Soul Y6000â¤ï¸
ğŸ‰6000 puffs
ğŸ’«Mesh Coil
ğŸ’§14ml e-liquid capacity
 
#SoSoul #Vape #VapeCommunity #VapeFam #Vibes #Refreshing #magickeyboard https://t.co/AYK7h0apIe",SoSoul_Official,2022-11-28 01:30:01+00:00
339,1597040036901695488,I really be vibing tf out just me my music and my vape ğŸ˜‚,BratttJai,2022-11-28 01:29:51+00:00
340,1597039999815651330,"Having recently won â€œBiggest Breakthrough Innovationâ€ at the Golden Leaf Awards 2022 in Washington DC, water-based vaping technology is already recognized as a real step forward for the industry.

Achieve the convenience of disposables, with less waste.

18/21+ only
#InnobarC1 https://t.co/r3X11Pb3pA",Innokintech,2022-11-28 01:29:42+00:00
341,1597039928562503680,"Having recently won â€œBiggest Breakthrough Innovationâ€ at the Golden Leaf Awards 2022 in Washington DC, water-based vaping technology is already recognized as a real step forward for the industry.

Achieve the convenience of disposables, with less waste.

18/21+ only
#InnobarC1 https://t.co/sa3ezYv4g4",InnokinStore,2022-11-28 01:29:25+00:00
342,1597039839701921793,addiction is wild. Iâ€™m trying to quit darts fr this time. Making to vape and then patch and then hopefully 0â€¦ gonna be a process but i got this,jacobbrundrett,2022-11-28 01:29:04+00:00
343,1597039795708264450,boyfriend core https://t.co/XZuwg0EcGk,0320wrId,2022-11-28 01:28:53+00:00
344,1597039639172644864,not me becoming friends with the dude who runs the liquor store across the street from work simply because i am a loyal vape buyer ğŸ˜­ğŸ’€,ItsMeJazzyZ,2022-11-28 01:28:16+00:00
345,1597039282161876993,"yâ€™all be on them vapes badddd, itâ€™s embarrassing",_ChelseaaaC,2022-11-28 01:26:51+00:00
346,1597039177216184320,"ğŸ†• Week ğŸ’

Are there discounts at e-cigarette stores around you?ğŸ‘€

Enjoy the weekend with a vape in your hand!
In my hand is Vape Daniel,50ml eliquid,650mh battey, and up to 8000puffs.

ğŸŒhttps://t.co/4nBts4fCAo

#LUCKEE #luckeevape #oem #8000puffs #vapepod #vapesociety https://t.co/P1nmASOSxj",Luckeevape,2022-11-28 01:26:26+00:00
347,1597039131879563264,"Dmt cartridges always on the menu keep your orders coming message at ğŸ‘‡ğŸ‘‡ for menu
https://t.co/DeeQzN411y
#dmt #Manchester #London #dmtvape #vapes #UK #Scotland #psytranceworld #trancefamily #acidtrip #surrealism #Supernatural #psychedelicart #trippy https://t.co/fWpN2qXLd9",Peter78863393,2022-11-28 01:26:15+00:00
348,1597039000510164992,"Strains of the season. Ask for them at your local dispensary today!!

#peakexperience #northernstandard #CannabisCommunity #Mmemberville #vape #cannabisculture #420friendly https://t.co/HmYOHxk0CR",northernstnd,2022-11-28 01:25:43+00:00
349,1597038926887518208,"â€œMeatball.  Put the vape away,â€ may be one of the funniest lines Iâ€™ve ever heard from @mycorreale. 
Going to see Petey in Cleveland Saturday thanks to my youngestâ€™s girlfriend, Lily. Early Christmas exchange for me. Thank you both. Cannot wait!!
@SebastianComedy 
#TheCast",AndyNagel35,2022-11-28 01:25:26+00:00
350,1597038906456690688,Sleek sellouts! ğŸ¤“. Order 1Ca-CRVC -Sustainable Environmentally Safe Cardboard Containers Child Resistant -Vape Cartridges at $1.45 from https://t.co/KkZxb29Go0 #cannabis #bags https://t.co/tGK5jFSZUQ,MsnPacking,2022-11-28 01:25:21+00:00
351,1597038683718574080,"Dmt cartridges always on the menu keep your orders coming message at ğŸ‘‡ğŸ‘‡ for ordersğŸ‘‡
https://t.co/aNIGiZ0AOq
#dmttrip #DMT #vape #dmtvape #Brisbane #Melbourne #Perth #Adelaide #GoldCoast # https://t.co/23kD541zxg",Mark91395503,2022-11-28 01:24:28+00:00
352,1597038663732379652,need a new vape so bad,y2kcls,2022-11-28 01:24:23+00:00
353,1597037695637000193,it feels like it was just yesterday i decided to stop showing up for this class ğŸ¥° in reality its been weeks and the drop form is due next Monday. https://t.co/7zA23gGUnq,juleiscool1,2022-11-28 01:20:32+00:00
354,1597037653534199808,I DID NOT KNOW VAPES HAD CALORIES,notdreya3,2022-11-28 01:20:22+00:00
355,1597037626497843201,"#edibles #cbdoil 
#cannabiscommunity Delta-8 THC Vape Cartridge for those that love the benefits of a full-spectrum #CBD product. Combined with the smooth buzz of Delta-8 THC.Â 
Our Live Resin extract was created using a small batch of our Sour https://t.co/yIE6ec3G1O #hemp https://t.co/UbPlucmha5",CBDSmokeShop,2022-11-28 01:20:16+00:00
356,1597037617668706304,My vape died on meâ€¦â€¦â€¦ğŸ¥´,Reece_Almighty,2022-11-28 01:20:14+00:00
357,1597037525939679232,vape shop dick pills,gworlinterupted,2022-11-28 01:19:52+00:00
358,1597037424521072640,Bored asf thinking of signing up to conversion therapy just for the thrill,toocuul4juul,2022-11-28 01:19:28+00:00
359,1597037415658840065,I always forget I have a $500 vape charger just sitting in my living room https://t.co/yHHtiTFhl0,alfoxley,2022-11-28 01:19:26+00:00
360,1597037344779292672,S/O to my ex for leaving me with all the different cords to charge my vapes that I have no idea the difference between,keyznsleevez,2022-11-28 01:19:09+00:00
361,1597037337263091712,Starts vaping https://t.co/3CjgwFqksr,kashy_v,2022-11-28 01:19:07+00:00
362,1597037174855454720,"idc how bad my nose is stopped up, how sore my throat is, or how horrible my cough soundsâ€¦iâ€™m going to hit my vape.",ahhmeeee,2022-11-28 01:18:28+00:00
363,1597037058635464705,Stop vaping. Itâ€™s embarrassing that anyone wakes up and thinks â€œmmm vapeâ€.,Steez2311,2022-11-28 01:18:00+00:00
364,1597037030399090690,Nah because why am I getting punished for not being able to control who I get hard for ğŸ™„ğŸ‘ğŸ½ğŸ˜¤ https://t.co/LsZq59b4hX,toocuul4juul,2022-11-28 01:17:54+00:00
365,1597036846734639104,"literally the word dream, if i see it i instantly think of him https://t.co/ROecwJGAOx",gnfvol6,2022-11-28 01:17:10+00:00
366,1597036691910692864,yeah just my sister tho https://t.co/QtdFFU9FPP,gnfvol6,2022-11-28 01:16:33+00:00
367,1597036568573018112,saw a tiktok about a manhunt https://t.co/p3UQ4w6wji,gnfvol6,2022-11-28 01:16:04+00:00
368,1597036543868170240,"cointern finds out I vape

â€œsira na good girl image mo sakin, mika.â€

?! ğŸ˜…",mikafungin,2022-11-28 01:15:58+00:00
369,1597036414822416384,sadly no https://t.co/oHSbQFLrCU,gnfvol6,2022-11-28 01:15:27+00:00
370,1597036344957874177,its in the mail rn ğŸ§ğŸ»â€â™€ï¸ https://t.co/69XO0efCwX,gnfvol6,2022-11-28 01:15:10+00:00
371,1597036216553472000,march 2021 https://t.co/QiNDdDGbs7,gnfvol6,2022-11-28 01:14:40+00:00
372,1597035734879195136,bought a vape and wtf is the hype bro id rather smoke them nasty ass backwoods,lCKYSTICKY,2022-11-28 01:12:45+00:00
373,1597035695494660096,i can now charge my ipad and vape at the same time. odd,superspicesize,2022-11-28 01:12:35+00:00
374,1597035673667530752,multifunction juul earrings https://t.co/N51f5SgBy8,cleocleaver,2022-11-28 01:12:30+00:00
375,1597035655804071937,feeling evil and malicious,kurominote666,2022-11-28 01:12:26+00:00
376,1597035514951237632,My vape is my fave laxativeğŸ«¶ğŸ¼,grxnge_trxsh,2022-11-28 01:11:52+00:00
377,1597035310348898304,Bought a pack of gum and learned I didnâ€™t like vaping all those years I just liked the taste of mint,HOWSOONISMAO,2022-11-28 01:11:04+00:00
378,1597035173841096704,Need Vape products? Checkout this site! https://t.co/XpvL9aOR0z,letMeBeYourBoi,2022-11-28 01:10:31+00:00
379,1597035171286757378,sometimes i randomly remember i spent 2 weeks in california when i was 17 for no reason,VapeG0d,2022-11-28 01:10:30+00:00
380,1597035159504945153,I fleece people on eBay. You donâ€™t stand a chance against me,otisvape,2022-11-28 01:10:28+00:00
381,1597035058799738880,i j watched someone hotwire a vape off of a battery. society is fucking wild,pussy_slayer400,2022-11-28 01:10:04+00:00
382,1597034808089403393,dio would ya kindly remove my vape pen from yer anus? much obliged,holhorsebot,2022-11-28 01:09:04+00:00
383,1597034796622163968,"Hannya vape in your areaâ™¥ï¸
Straight to ya dome like Whoa Whoa Whoa.
.
#vapelustion #airtok #airtokpod #hannyavape #hannyafam #originaldesign #artwork #vapelove #fypage #lightervape #vapeon #vapefam #viral #partytime  #raphtalia #anime #cosplay #cosplaywip #worldcup #japanesegirl https://t.co/CGbytWaB7W",Vapelustion1,2022-11-28 01:09:01+00:00
384,1597034756986003457,stfu,juul14m4r1n,2022-11-28 01:08:52+00:00
385,1597034602840743938,"â€œIn a sim model, scientists calculated 3000 years of adult life saved in smokers who quit through #vaping. They also calculated 1.5 M years of life lost in teens &amp; young adults who started vaping who would have never smoked. 3000 years â¬†ï¸ vs 1.5 M year â¬‡ï¸â€ https://t.co/VKItU8Rk6O",life_is_art___,2022-11-28 01:08:15+00:00
386,1597034596104736768,Diarrhea Vape,fIoppyjimmie,2022-11-28 01:08:13+00:00
387,1597034520854769664,"Tracking Codes Coming Up Shortly âœ…

#stoned #community #growyourown #love #weedgirls #weedmemes #joint #weedsociety #cannabissociety #bud #marihuana #smokeweed #pot #memes #art #stoners #blunt #vape #terps #photography #ganjagirls #hash #instaweed #edibles #smoking #weedculture https://t.co/BKWbFOsqgk",DoctorShrooms41,2022-11-28 01:07:55+00:00
388,1597034363782189056,"#thc #cbdhealth 
#cannabiscommunity
 Delta-8 THC Disposable Vaping Pen Purple Punch. Purple punch is our most popular indica strains. This strain has a balanced head and body euphoria, leaving you feeling relaxed and happy.

Our vape https://t.co/TWAMXVNicA #cbd #cbdoil https://t.co/oHHmk8R9iu",cbdhealthbasket,2022-11-28 01:07:18+00:00
389,1597034359508373505,"#thc #cbdhealth 
#cannabiscommunity
 Vaping #CBD A Complete Guide for newbies and others. Having become extremely popular in recent years. People are looking for safer alternatives to smoking tobacco, which is part of the reason for this. https://t.co/EOBupoKLEr #hemp #cbdoil https://t.co/uyeLIba6Fb",cbdhealthbasket,2022-11-28 01:07:17+00:00
390,1597034156545822720,i love harry potter ğŸ’” https://t.co/HDLIEmJkxi,onlyrockland,2022-11-28 01:06:29+00:00
391,1597034138178985985,She vaping in my room that shit lit up like a glow lamp,_JBanks__,2022-11-28 01:06:24+00:00
392,1597034118197694465,the real cost vaping commercials on hulu are so funny to me. it's always some high schooler on a team messing up something and then their teammates looking mildly annoyed LOL,RileyHJordan,2022-11-28 01:06:19+00:00
393,1597034080482496512,hey guys. iâ€™m on my second work vape break,GNFGRANDE,2022-11-28 01:06:10+00:00
394,1597034031207841794,whitelist Splendid @6_knine @kisur27 @alaric9896 @parkie1 @justanavocadoo @j_mench1 @kohenghwee76 @gs0n6 @hypelust @anir_eth https://t.co/cwxRjRIyBy,VapesNFT21,2022-11-28 01:05:59+00:00
395,1597033640260575233,my spiritomb keeps hiding my vapesâ€¦ they think i donâ€™t notice that theyâ€™re the one moving it. but girliesâ€¦ i am noticing it. ğŸ’–ğŸ˜†,veritygleam,2022-11-28 01:04:25+00:00
396,1597033603010990082,"Xros Mini 3 ğŸ¤© Easy to use thanks to its automatic draw, it is compatible with all cartridges in the Xros range.
ğŸ›’ https://t.co/b4Ypm3vJ0s
-
#vapesourcing #vape #vapelife #vapecommunity #gift #FreeShipping #newarrivals #vapor #vaping #vapefam #xros3 #xrosmini3 https://t.co/c2KUHTWoOR",vapesourcing,2022-11-28 01:04:17+00:00
397,1597033505254670336,Are y'all still vaping seed oils?,RealCaloJones,2022-11-28 01:03:53+00:00
398,1597033391655747584,Where the fuck is my juul,jadewesttwt,2022-11-28 01:03:26+00:00
399,1597033044166078464,trying to make vaping cringy to myself so i can fully quit but i donâ€™t get embarrassed anymore ğŸ˜­,slimysewerat,2022-11-28 01:02:03+00:00
400,1597032946212704256,one thing i hate abt ğŸ¥Ÿ this emoji is that bleep calls bleep dumpling and i hate them both Bleeps are jazmine and sam.,0320wrId,2022-11-28 01:01:40+00:00
401,1597032941292748801,"I donâ€™t recall, reading anything about a permit requirement, in the Second Amendmentâ€¦. https://t.co/QBR8SnW6MB",PissedVaper,2022-11-28 01:01:39+00:00
402,1597032936561577984,2018: vaping in the gender-neutral restroom,sudihenotesinp,2022-11-28 01:01:38+00:00
403,1597032923101679616,Bought my first vape today https://t.co/twQTSBnnwO,Skarlet_Starlet,2022-11-28 01:01:34+00:00
404,1597032767921229825,my friend told us a girl was giving him head and said hold up let me hit my vape rqğŸ˜µâ€ğŸ’«ğŸ˜‚ğŸ˜‚ğŸ˜‚ https://t.co/PBEZ5WvBEV,444jcquelne,2022-11-28 01:00:57+00:00
405,1597032644528963584,need one asap #vape https://t.co/5u2SCsXTi1,dumpofmymindd,2022-11-28 01:00:28+00:00
406,1597032570054901760,"Their are many things that kill you. Like vaping, so why do it when you can do less deadly things, like playing minecraft, or even FORTNITE!",Dont_Vape_Bot,2022-11-28 01:00:10+00:00
407,1597032478027698176,This vape pen donâ€™t hit as hard as my gummies ğŸ˜”,Mz908,2022-11-28 00:59:48+00:00
408,1597032151652130816,PSA vaping isn't cool,YrX,2022-11-28 00:58:31+00:00
409,1597032144177893377,"Bad Apple

#stoned #community #growyourown #love #weedgirls #weedmemes #joint #weedsociety #cannabissociety #bud #marihuana #smokeweed #pot #memes #art #stoners #blunt #vape #terps #photography #ganjagirls #hash #instaweed #edibles #smoking #weedculture #music #dab #stonernation https://t.co/btv6mBm3GH",DoctorShrooms41,2022-11-28 00:58:29+00:00
410,1597032071246946305,"For your safety and comfort, this station operates a no vaping policy. Please have your personal life ready for inspection.",traindroid_se,2022-11-28 00:58:11+00:00
411,1597031943652388866,If your gf takes you to ikea you can always just find some nook to vape in and pretend youâ€™re looking at a bowl or something,Haseagogo,2022-11-28 00:57:41+00:00
412,1597031920856346626,if you gon vape please just smoke a cigarette like yâ€™all really be having heart attacks smoking that fruity shit,jessakitti,2022-11-28 00:57:36+00:00
413,1597031869161172992,Not me going to the vape store and making a vegan friend and the worker being a new gym Buddy ğŸ’€,NatureWavess,2022-11-28 00:57:23+00:00
414,1597031659320156160,"Legit I think my stupid ass drools too much and that's why my vapes break cuz when I'm hitting it I'm like.. drooling and my drool breaks it
Or maybe I'm high I dunno ((over thinking))",bun0butt,2022-11-28 00:56:33+00:00
415,1597031594073919488,my mom just said vape nation,ninjagolover0,2022-11-28 00:56:18+00:00
416,1597031375663599616,"Healthy delicious alcohol 

Cigarettes/vapes

TV 

Snacks https://t.co/GVg44HzBwd",TreeFarmer812,2022-11-28 00:55:26+00:00
417,1597031186924466176,vaping when u have a sore throat ğŸ‘,jeezmaddog,2022-11-28 00:54:41+00:00
418,1597031063519461376,Judge greenlights Juul consumersâ€™ class action over marketing claims â€“Â https://t.co/i2toZlKsXV https://t.co/ED6M6OWlgy,InfoXUB,2022-11-28 00:54:11+00:00
419,1597030870015442944,Do people still smoke Juuls? Lmfao https://t.co/nY4Ek3uqoN,imStoneyDan,2022-11-28 00:53:25+00:00
420,1597030849316257792,Vaping Increases The Risk Of Dental Caries- A Study https://t.co/EKi0rHaJbH,rockzen61,2022-11-28 00:53:20+00:00
421,1597030798821298176,vape jokes are so funny to me because literally you wonâ€™t understand the extremity of it unless youâ€™ve had one in your possession more than once. like itâ€™s that serious ğŸ’€,genstunnaa,2022-11-28 00:53:08+00:00
422,1597030693921431552,RAIDERS BABY,denzelxgonzalez,2022-11-28 00:52:43+00:00
423,1597030573632942081,"sara: WHERE THE FUCK IS MY JUUL?!
me: *giggling looking right at it*
sara: https://t.co/O932vXyMl0",RODEOJ0NES,2022-11-28 00:52:14+00:00
424,1597030495803830274,CALUM GAVE ME HIS VAPE,kilometer154,2022-11-28 00:51:56+00:00
425,1597030318024052736,im mad at my bf and feeling a manic phase coming on im gonna buy a vape and get drunk tn,anaa_addie,2022-11-28 00:51:13+00:00
426,1597030063807295489,She berry my blast. Time to figure out how to make vapes economical,Frenshiro,2022-11-28 00:50:13+00:00
427,1597029748487901184,Remember when vapes were called hookah pens or am I old,clovapus,2022-11-28 00:48:58+00:00
428,1597029747669995521,How does one lose a vape in a room like. Vanished,haiimkaylaa,2022-11-28 00:48:57+00:00
429,1597029699741683715,Right lol vape smoke all in Walmart like ğŸ¤¨ https://t.co/GRtx0iY9qv,ZyJuicy_,2022-11-28 00:48:46+00:00
430,1597029452315185152,Guys wheres my juul,LilTayReal,2022-11-28 00:47:47+00:00
431,1597029440223318016,"Iâ€™ve been off the vape for a week, hereâ€™s to more weeks ğŸš­ğŸš­",umareyousure,2022-11-28 00:47:44+00:00
432,1597029379972165632,hello https://t.co/Spz5fAtIYX,0320wrId,2022-11-28 00:47:30+00:00
433,1597029266683678721,Judge greenlights Juul consumersâ€™ class action over marketing claims â€“Â https://t.co/yx3P3lvi3s https://t.co/KSbOz2YKNh,santkabirnagar0,2022-11-28 00:47:03+00:00
434,1597028828228247552,Just posted a photo @ Vancouver Kingsway https://t.co/cdgNAQZOj1,No5VapeVan,2022-11-28 00:45:18+00:00
435,1597028814756130817,my vice is taking 1 hit of a vape every 6 months and getting an outrageous head high,fifthhoemoneyy,2022-11-28 00:45:15+00:00
436,1597028699010142208,damn https://t.co/iMJb8DIOT8,0320wrId,2022-11-28 00:44:47+00:00
437,1597028665766076416,heading out with just my vape and a dream,rambling_baby,2022-11-28 00:44:39+00:00
438,1597028635378343936,using my vape as a flashlight,gababy420,2022-11-28 00:44:32+00:00
439,1597028625718837248,"Vape factory with vape production licence, original vape factory,
focus on OEM/ODM/wholesale vape business,
can we be your vape supplier ?
https://t.co/zWSsLNragJ, vadas05@huachenkang.com https://t.co/el9eJazJW1",Kevin_vape_ecig,2022-11-28 00:44:30+00:00
440,1597028318934859776,"Sheâ€™s got a pure heart but she vapes

I prefer pure lungs over pure hearts",LostWolf911,2022-11-28 00:43:17+00:00
441,1597028270066700288,British Guy Tries Vaping,philideabot,2022-11-28 00:43:05+00:00
442,1597028183840129024,"SKE Crystal Plus
E-liquid Capacity 2.0ml            
Puffs 600                                             
ğŸ”
#SKE #skevape #skecrystalplus #crystalbarske #caystal #bar #vape #puffs #disposable #bestflavours  #nicotine #illegal #ukvape #disposables #vapes #vaping #uk https://t.co/OvWC90J1Hc",skevapeofficial,2022-11-28 00:42:45+00:00
443,1597027988893470720,"Her first mistake was vaping in the school restroom, second is posting on social media like Brah u did not have to post that https://t.co/coAHB52Gfm",UchihaSama_,2022-11-28 00:41:58+00:00
444,1597027965770305536,NOT THIS https://t.co/cf9WR1sP50,electic27,2022-11-28 00:41:53+00:00
445,1597027902263947264,EU to introduce bloc-wide vaping levy https://t.co/slxEhe0cnN,ASfB_UK,2022-11-28 00:41:37+00:00
446,1597027688430317568,I feel like yb prolly on them vapes bad too ğŸ˜­,paytonnelisee,2022-11-28 00:40:46+00:00
447,1597027662710837248,my phone n vape is literally always in my hands at all times,Pushin0_P,2022-11-28 00:40:40+00:00
448,1597027547073896448,I blame Grimes and Kim Petras for everything,electic27,2022-11-28 00:40:13+00:00
449,1597027436910112768,idk why everyone says habits are hard to maintain i started vaping in January and havenâ€™t missed a day. maybe im just built different.,somaddysmith,2022-11-28 00:39:46+00:00
450,1597027358179217408,keep everything real place your order now #dmt #vape #dmtcarts #psychedelics #lsd #mdma #shrooms https://t.co/Uz6AepuPdv,DoctorShrooms41,2022-11-28 00:39:28+00:00
451,1597027240977387520,No More #pumpkinpie @vape_lost But rather 20% Off This Kit https://t.co/9Ej8dc0pG1 https://t.co/5QV43Mfh7x,EightVape,2022-11-28 00:39:00+00:00
452,1597027232278786049,DMT Vapes the divine truth ğŸ„ğŸ”¥ #DMT #Psitwitter #Psilocybin #psychedelicart https://t.co/VEGQyoYYoA,DoctorShrooms41,2022-11-28 00:38:58+00:00
453,1597027112904724480,i just traded a vape for a qtr lmao,missthanggg0,2022-11-28 00:38:29+00:00
454,1597027101747859459,me to frank when he pulls out those stupid ass nike shoes https://t.co/1SUlR7eKCB,demoloving,2022-11-28 00:38:27+00:00
455,1597026881383157763,"#thc #cbdhealth 
#cannabiscommunity
 Diamond #CBD Unflavored #Hemp Oil can be used as CBD oral drops (CBD tincture). In vape liquid, topically or added to foods. Diamond CBD Unflavored CBD Oils are infused with CBD oil from organic hemp.

Diamond https://t.co/sddom6cSWt #cbdoil https://t.co/Ehj5zWcQcF",cbdhealthbasket,2022-11-28 00:37:34+00:00
456,1597026689208713221,Me+fat ranch water+Laurenâ€™s vape+my new playlist,LookitsBrookiee,2022-11-28 00:36:48+00:00
457,1597026646695247872,I hate a nigga dat wanna hit my vape,Full_Throttle21,2022-11-28 00:36:38+00:00
458,1597026617632518145,I really quit vaping iykyk I loved a lil vapeğŸ˜‚,ZhariaMonee,2022-11-28 00:36:31+00:00
459,1597026345669664768,"The way I always believed in Bloody Mary, like I'm rooting for this song sm",electic27,2022-11-28 00:35:26+00:00
460,1597026274081325056,keep everything real place your order now #dmt #vape #dmtcarts #psychedelics #lsd #mdma #shrooms https://t.co/H0nLtrgcGg,DoctorShrooms41,2022-11-28 00:35:09+00:00
461,1597025874691297280,I AM T I R E D https://t.co/aMqtUYdlTA,electic27,2022-11-28 00:33:34+00:00
462,1597025729924935680,Thanksgiving cactus :~) https://t.co/jczxZZQmED,Kay_Juulers,2022-11-28 00:32:59+00:00
463,1597025574639513600,I'm still trying to understand what all the deal with Balenciaga was? Like what was the purpose? Bankruptcy???,electic27,2022-11-28 00:32:22+00:00
464,1597025389842309120,"I know someone who who vapes, takes nicotine pouches and drinks coffee everyday and asked me what can he do to not have anxiety, stress and to be more calm throughout the day.",dig_deeper1,2022-11-28 00:31:38+00:00
465,1597025310217670658,my vape being burnt is why i dont believe in God,m4yfI0w3r,2022-11-28 00:31:19+00:00
466,1597025250494930944,DMT powder/DMT vapes. Grab them in bulk and get good tickets https://t.co/CmHifxz0LL,DoctorShrooms41,2022-11-28 00:31:05+00:00
467,1597025132429840384,them mf vapes must come with glue the way they be stuck to the palm of everyoneâ€™s hand like damn yâ€™all canâ€™t even keep it in your pocket ğŸ˜­,migobandito,2022-11-28 00:30:37+00:00
468,1597025025940680706,MY VAPE QAS LAYING RIGHT ON THE COUNTER IN MY ROOM ALL QEEK HOQ DID MY PARENTS NOT SAEE,OMGETOVERIT,2022-11-28 00:30:12+00:00
469,1597025013634170880,Donâ€™t Juul Be Cool,Dont_Vape_Bot,2022-11-28 00:30:09+00:00
470,1597024961201582081,DMT Vape Carts Are Now available.Tap in #dmt #psilocybin #psychedelic https://t.co/9JYI8M3YzJ,DoctorShrooms41,2022-11-28 00:29:56+00:00
471,1597024932789071873,Iâ€™m feeling so good sitting here vaping on my break itâ€™s going to be so sad to go back to work lmao,barking__lot,2022-11-28 00:29:49+00:00
472,1597024723338416128,â€œI would trade vapes for street cornâ€ -Mary watching Annie (1999),mslaurengracee,2022-11-28 00:28:59+00:00
473,1597024652911849472,JARS in centerline has 50% off breeze canna vapes. Thank me when ur high later ğŸ˜Š,Chiarajohansson,2022-11-28 00:28:43+00:00
474,1597024567570337793,new hair yall. new hair.  https://t.co/MpvHTauwZ0,0320wrId,2022-11-28 00:28:22+00:00
475,1597024456215789570,"Me: Iâ€™m completely fine 
Also me: started vaping, can feel my will to live disappear, logged out of school email, eating burnt chicken nuggets and fries for dinner bc I couldnâ€™t be bothered care I burnt the food",darkrrystan,2022-11-28 00:27:56+00:00
476,1597024030246154241,I accidentally vaped at my desk &amp; my TL stood up and stared at me with her hands on her hipsğŸ˜‚ğŸ˜‚ğŸ˜‚ shit soz,fcvrtersivev,2022-11-28 00:26:14+00:00
477,1597023997090492416,Nicotine addicts be saying shit like god knows i would be too powerful if i overcame my vaping addiction,twatswat4201,2022-11-28 00:26:06+00:00
478,1597023798456246273,"my ps4???? lol oh, you mean the thing that charges my juul",dripstix,2022-11-28 00:25:19+00:00
479,1597023776952451072,you should make a spliff vape thats a rainbow candy elf bar mixed with delta 8 @elonmusk,duckie4pres,2022-11-28 00:25:14+00:00
480,1597023681049305089,tbhâ€¦ vaping is becoming more and more gross to me every single day,jesusbutadyke,2022-11-28 00:24:51+00:00
481,1597023640897585152,i am their queen #PokemonScarletViolet #NintendoSwitch https://t.co/tZAzRkPBqw,vaporeawn,2022-11-28 00:24:41+00:00
482,1597023627794599936,vape died killing myself,moneybolder,2022-11-28 00:24:38+00:00
483,1597023484487831552,EAAAAAA son la verga chiefs,vicks_gonzz,2022-11-28 00:24:04+00:00
484,1597023450170011648,Bouta go buy a vape and have my first meal of the day,vasac333,2022-11-28 00:23:56+00:00
485,1597023421879095296,i've been so into dinkum i forgot to vape wow,pupsQt,2022-11-28 00:23:49+00:00
486,1597023328711380992,niggas will dream of success all night then wake up and hit a vape,Davofw,2022-11-28 00:23:27+00:00
487,1597022813323657217,i love when skz are silly in their mvs,0320wrId,2022-11-28 00:21:24+00:00
488,1597022612718522368,her skz rank NEED TO ELIMINATE HER! https://t.co/OPuQXevWf9 https://t.co/XBIH2EUwrX,0320wrId,2022-11-28 00:20:36+00:00
489,1597022596478152706,very close to start vaping https://t.co/sc5QR2hfAR,notay3sha,2022-11-28 00:20:32+00:00
490,1597022440244539393,"the vape is dead
long live the vape",quichedujour,2022-11-28 00:19:55+00:00
491,1597022418136338432,i tried that vape shit it ainâ€™t for me ğŸ˜‚,mindingp,2022-11-28 00:19:50+00:00
492,1597022397341003776,"the idiot in me is very successful simply bc i own a vape. i could cut down on my idiocy by like 300% without one, i know this.",middle_paradox,2022-11-28 00:19:45+00:00
493,1597022309562617863,Iâ€™ve been vaping for years and Iâ€™m trash  which is kinda embarrassing,CarWithPenis,2022-11-28 00:19:24+00:00
494,1597022046948851712,"Vaping on a packed train is nuts, seek help, youâ€™re addicted.",xEm_ly,2022-11-28 00:18:21+00:00
495,1597021862399447042,"Dairies shut up shop in protest at violence, robberies 

https://t.co/TVte3IFMCD",VapingAlliance,2022-11-28 00:17:37+00:00
496,1597021856812634112,my sister cant get herself to like seungmin bc he reminds her of the 22 year old guys at work that likes her IM CRYIGN,0320wrId,2022-11-28 00:17:36+00:00
497,1597021704378687489,"Vaping has become a popular way for teens to consume nicotine, but it can also be a nuisance for schools. Vaping can violate school policies and create an unpleasant environment.

#vaping #teenvaping #teensvaping #QuitVaping #stopvaping  

https://t.co/X2jK785V0c https://t.co/WaW4p1wmuB",biomadam,2022-11-28 00:17:00+00:00
498,1597021681935343616,i get to wake up to dan selfies with ellis and marina ğŸ¥º,aIlsaints,2022-11-28 00:16:54+00:00
499,1597021618043174912,vaping is for pussys real men inhale fumes from chemical fires,rmn_tweets,2022-11-28 00:16:39+00:00
500,1597021469443514369,Just curious about the fact that â€œflavored vapesâ€ are directly marketed to youth but what about sweet cocktails and drinks???,hpsycch,2022-11-28 00:16:04+00:00
501,1597021412710969344,I just swallowed my juul ğŸ˜°,catvaIentinetwt,2022-11-28 00:15:50+00:00
502,1597021253843685376,I was in my fathers car (it was dark) and he handed me something I literally thought my dad was handing a juul but it was just a piece of gum,esotericblack,2022-11-28 00:15:12+00:00
503,1597021249988796418,emmanuel acho been real quiet since this one dropped https://t.co/eD69q1KQUS,juul_apatow,2022-11-28 00:15:11+00:00
504,1597021132783091712,My other vape is a crack pip e,bandagez_,2022-11-28 00:14:43+00:00
505,1597021128845033472,"Act immature, too unserious, acts different around girls (and I specifically mean the kind that start violating to entertain), doesnâ€™t like or watch sports, smokes cigs or vapes, Arteta outer https://t.co/nuOVfrMxLQ",AFCshaqolaan,2022-11-28 00:14:42+00:00
506,1597021094518878208,almost 2 months vape free ğŸ’…ğŸ½ğŸ’…ğŸ½ğŸ’…ğŸ½,0Jazzz2,2022-11-28 00:14:34+00:00
507,1597020913270427648,MY DREAM IS TO HAVE A FENT CART WOW BEING ABLE TO VAPE EXACT AMOUNT AND STAY THERE THROUGHOUT THE DAY OMG THIS IS THE BEST INVENTION OF HUMANITY FENT CARTS GOD PLEASE FOR CHRISTMAS,444wkr,2022-11-28 00:13:51+00:00
508,1597020827517874177,i neeeeeeeed to text her https://t.co/OaU8KVhCfJ,swaggyg1rl21,2022-11-28 00:13:31+00:00
509,1597020750115835905,Where the fuck is my juul,sampucketttwt,2022-11-28 00:13:12+00:00
510,1597020741333131266,"When the sugary vaping liquid is aerosolized and breathed through the mouth, it adheres to teeth. This could be one explanation for this phenomenon. Read the whole story here. https://t.co/ti0HqA9QTu",dentalreach9,2022-11-28 00:13:10+00:00
511,1597020549804625922,I have just spent 1hr talking to a boy who doesn't like me and he's going to give me his vape apparently ğŸ¤­,di3tcoke111,2022-11-28 00:12:24+00:00
512,1597020493369905152,ainâ€™t no way someone just said that a thanksgiving walk is to use a vapeğŸ˜­ğŸ˜­,titiibae,2022-11-28 00:12:11+00:00
513,1597020441780326403,should i buy a vape yes or yes,shjnjgaml,2022-11-28 00:11:59+00:00
514,1597020296506404864,"https://t.co/eHRUh79ZTb

@Cobratate i found someone who vape",LudvigLundstrm2,2022-11-28 00:11:24+00:00
515,1597020048593686529,Found my vape !!!ğŸ˜­ğŸ˜­ğŸ˜­ Whst is this world coming tooğŸ˜­,Deem_TheGoat,2022-11-28 00:10:25+00:00
516,1597019964254191616,"Here are 9 daily habits to be actually unrecognizable:
Smoke a carton of cigs
Vape estrogen
Bike with only your hands
Snarl at passersby 
BASE jump off your apartment building
Tell everyone ""This time I'm gonna do it""
Crack
Plant a tree in a random backyard
Crank Dat Soulja Boy https://t.co/WnLkCTLFvo",cassisarobot,2022-11-28 00:10:05+00:00
517,1597019879525470208,How autistic do you have to be to wear a leashed vape around your neck,BobbyHummer,2022-11-28 00:09:45+00:00
518,1597019878321332224,"CYBER MONDAY

100% EXTRA FREE ON ALL ROCKSTAR &amp; KEEP IT CLOUDY PRODUCTS

*Excludes Mystery Deals

Order 8 we'll send 16! (example) no min order qty!

Don't forget to check out our new products, we've had a huge update and more to follow this week!

https://t.co/q7nFhYKzM0 https://t.co/nBww5fZJv8",rockstarvapeltd,2022-11-28 00:09:44+00:00
519,1597019836437397504,i fell asleep reading and my mom turned my lights off ğŸ¥º,jvlixtte,2022-11-28 00:09:34+00:00
520,1597019798285582336,My mom is a vaper smh she took my pen  away,yleanaaa1,2022-11-28 00:09:25+00:00
521,1597019264929918976,I canâ€™t take a grown man talking shit with a vape in his hand seriously https://t.co/DvLe50RYZ4,RashadBoatner,2022-11-28 00:07:18+00:00
522,1597019129609097216,my juul will be passed down like a family heirloom,notowenn,2022-11-28 00:06:46+00:00
523,1597018946921988096,"The Zombie Stink Cloud is actually just Foot Soldierâ€™s vape the only reason it deals damage and makes a really big cloud is that he fucked up mod for it and itâ€™s become too volatile to smoke with

follow me for more totally true plants vs zombies garden warfare facts",Forks0rSpoons,2022-11-28 00:06:02+00:00
524,1597018935898951680,Justine hit the fuck outta my vape and DIED ğŸ˜‚,grloftheyr,2022-11-28 00:06:00+00:00
525,1597018845021057025,"How ironic! I was just doing the spreadsheets for the 3rd edition (yes, we're publishing a 3rd edition) analysis for Iowa today.
(Get ready for an even more in-depth look at smoking &amp; vaping in the Hawkeye State in January :D ) https://t.co/fNAAdoqeeE",lmstroud89,2022-11-28 00:05:38+00:00
526,1597018775769219072,Yeah heartbreak sucks but have you ever had a vape coil die on u one day after putting it in?,LykanFvngs,2022-11-28 00:05:21+00:00
527,1597018755024179201,Yeah I vape https://t.co/vSu8YHfcfQ,seanatha_n,2022-11-28 00:05:17+00:00
528,1597018712653303808,"This vape is so delicious if I could breathe banana flavored nicotine juice instead of oxygen- all the time, I would. https://t.co/EetG8rQ1vU",JulieFaulk18,2022-11-28 00:05:06+00:00
529,1597018703811342336,"The random ass kid outside the 711 that gave me $20 to buy them a vape, when I walk out of the store with some Benadryl and sugar-free Red Bulls https://t.co/WuFNM4a3jg",HazeSandwich,2022-11-28 00:05:04+00:00
530,1597018310763479041,"NZ has recorded the lowest smoking rate ever - but how much of that is just people switching to vaping, rather than quitting altogether? And are some people who would never smoke picking up vaping? 
I looked at what the latest health survey shows. https://t.co/4Y7ng3h4xf",EmmaVitz,2022-11-28 00:03:31+00:00
531,1597018065983930370,Mom sent me a video on why itâ€™s bad to vapeâ€¦ she doesnâ€™t know I donâ€™t use vapes ğŸ¤£,Rafa_G14,2022-11-28 00:02:32+00:00
532,1597018008773283840,What a response to the half price Mystery Boxes ğŸ˜¯ for anybody that purchased one you will receive a some free hardware. Enjoy ğŸ˜‰ ğŸ’¨,vapinghamster,2022-11-28 00:02:19+00:00
533,1597017749963743233,"this is my bff sound(vape)cloud tiefling,",AsherAaheruBOT,2022-11-28 00:01:17+00:00
534,1597017588764401665,my friend stole a juul for me i guess my nic addition is back after maybe like a year  of being free ğŸ˜”,herefordays,2022-11-28 00:00:38+00:00
535,1597017539715874818,"Live in 5 minutes come chat!

â–ºhttps://t.co/mFUh9Ap0tTâ—„

@blazedRTs
#Streamraiders
#Youtube
#GoalGrinding",VapeTrainGaming,2022-11-28 00:00:27+00:00
536,1597017535206916096,if u react to my cat like this im immediately kicking u out of my house idc https://t.co/n6o4WntPyh,00juuls,2022-11-28 00:00:26+00:00
537,1597017473823416320,"Full time, flexible schedule, great pay and great work environment! 
Send resume to cloudhousevape1@gmail.com or call (915) 263-7919 for more details. https://t.co/TqBU9lAsCf",cloudhousevape1,2022-11-28 00:00:11+00:00
